convo_id,msg_count_5min,tokens_5min,avg_tokens_per_msg,model_tier,user_tier,total_cost_usd,msg_count_5min_norm,tokens_5min_norm,avg_tokens_per_msg_norm,model_tier_norm,user_tier_norm,cost_per_token,cost_per_message,token_efficiency,msg_density,z_score_cost,z_score_tokens,z_anomaly_flag,iqr_lower_bound,iqr_upper_bound,iqr_outlier_flag,cost_decile,high_cost_flag,model_tier_encoded,user_tier_encoded,iso_anomaly_flag,model_tier_label,user_tier_label
PK001,8,880,110.0,1,2,0.18,0.3333333333333333,0.24256538874955214,0.06661453149604256,0.0,0.5,0.0002043132803632236,0.02,4861.878453038674,0.009080590238365494,-1.041714739965187,-0.866154214463594,0,-0.61375,1.7962500000000001,0,2,0,0,1,0,Basic,Pro
HG002,19,1372,72.21052632,2,3,0.55,0.9444444444444444,0.4188462916517377,0.041091994885822034,0.5,1.0,0.0004005826656955572,0.027500000000000004,2490.0181488203266,0.013838310269482883,-0.16121124907990883,-0.24418531710313474,0,-0.61375,1.7962500000000001,0,6,0,1,2,0,Standard,Enterprise
YB003,7,2891,413.0,3,3,1.73,0.2777777777777778,0.9630956646363311,0.2712569316094283,1.0,1.0,0.0005982019363762102,0.21625,1670.1328711727326,0.0024204702627939143,2.646880965094762,1.6760804452760065,0,-0.61375,1.7962500000000001,0,10,1,2,2,0,Premium,Enterprise
ZW004,19,2350,123.6842105,2,1,0.94,0.9444444444444444,0.7692583303475456,0.07585667565570196,0.5,0.0,0.00039982985963419817,0.047,2497.3432518597238,0.008081667375584857,0.7668870250964651,0.9921674910646073,0,-0.61375,1.7962500000000001,0,8,0,1,0,0,Standard,Free
HB005,9,643,71.44444444,3,2,0.39,0.3888888888888889,0.15764958796130418,0.040574592791410895,1.0,0.5,0.0006055900621118013,0.039,1644.5012787723786,0.013975155279503106,-0.5419695154086778,-1.165761183314059,0,-0.61375,1.7962500000000001,0,4,0,2,1,0,Premium,Pro
GK006,19,1248,65.68421053,3,2,0.75,0.9444444444444444,0.37441777140809746,0.03668420304699864,1.0,0.5,0.0006004803843074459,0.0375,1661.7842876165114,0.01521216973578863,0.31473658383105213,-0.4009417058687789,0,-0.61375,1.7962500000000001,0,7,0,2,1,0,Premium,Pro
UV007,19,612,32.21052632,1,1,0.12,0.9444444444444444,0.14654245790039414,0.014076496521018632,0.0,0.0,0.00019575856443719412,0.006,5057.851239669421,0.03099510603588907,-1.1844990898384753,-1.2049502805054702,0,-0.61375,1.7962500000000001,0,1,0,0,0,0,Basic,Free
YS008,12,2595,216.25,1,2,0.52,0.5555555555555556,0.8570404872805446,0.13837444902755158,0.0,0.5,0.00020030816640986132,0.04,4980.806142034548,0.004622496147919877,-0.23260342401655307,1.3018877753193077,0,-0.61375,1.7962500000000001,0,5,0,0,1,0,Basic,Pro
OB009,6,2366,394.3333333,3,3,1.42,0.2222222222222222,0.7749910426370477,0.25864969901667384,1.0,1.0,0.0005999155048584706,0.20285714285714285,1665.024630541872,0.0025348542458808617,1.9091618240827717,1.0123941218730776,0,-0.61375,1.7962500000000001,0,10,0,2,2,0,Premium,Enterprise
DG010,12,1725,143.75,3,3,1.04,0.5555555555555556,0.545324256538875,0.08940885824134544,1.0,1.0,0.0006025492468134415,0.08,1657.0605187319886,0.006952491309385863,1.0048609415519458,0.20206472510873946,0,-0.61375,1.7962500000000001,0,9,0,2,2,0,Premium,Enterprise
DR011,7,2926,418.0,2,3,1.17,0.2777777777777778,0.9756359727696167,0.2746338689050287,0.5,1.0,0.00039972668261018104,0.14625,2498.7190435525195,0.0023915271609156134,1.3142270329440704,1.7203262001695352,0,-0.61375,1.7962500000000001,0,9,0,1,2,0,Standard,Enterprise
KF012,14,2493,178.0714286,1,1,0.5,0.6666666666666666,0.8204944464349695,0.11258912069687084,0.0,0.0,0.00020048115477145148,0.03333333333333333,4976.047904191617,0.0056134723336006415,-0.2801982073076492,1.17294300391531,0,-0.61375,1.7962500000000001,0,5,0,0,0,0,Basic,Free
UH013,15,2229,148.6,2,3,0.89,0.7222222222222222,0.725904693658187,0.09268448741807785,0.5,1.0,0.0003991031390134529,0.055625,2501.6835016835016,0.006726457399103139,0.6479000668687249,0.8392035955755514,0,-0.61375,1.7962500000000001,0,8,0,1,2,0,Standard,Enterprise
ZJ014,6,1187,197.8333333,3,1,0.71,0.2222222222222222,0.3525618058043712,0.1259360632995771,1.0,0.0,0.0005976430976430976,0.10142857142857142,1669.479606188467,0.005050505050505051,0.21954701724885986,-0.47805573582607164,0,-0.61375,1.7962500000000001,0,7,0,2,0,0,Premium,Free
BV015,7,2486,355.1428571,2,2,0.99,0.2777777777777778,0.8179863848083124,0.23218094287424967,0.5,0.5,0.00039806996381182145,0.12375,2508.577194752775,0.0028146361077603537,0.8858739833242054,1.1640938529366043,0,-0.61375,1.7962500000000001,0,9,0,1,1,0,Standard,Pro
JI016,15,1161,77.4,3,2,0.7,0.7222222222222222,0.34324614833393047,0.0445969003287278,1.0,0.5,0.0006024096385542168,0.04375,1656.2054208273896,0.012908777969018933,0.19574962560331177,-0.5109240108898357,0,-0.61375,1.7962500000000001,0,7,0,2,1,0,Premium,Pro
XB017,10,2444,244.4,2,3,0.98,0.4444444444444444,0.8029380150483698,0.157386606001782,0.5,1.0,0.00040081799591002045,0.0890909090909091,2491.335372069317,0.00408997955010225,0.8620765916786574,1.11099894706437,0,-0.61375,1.7962500000000001,0,8,0,1,2,0,Standard,Enterprise
QN018,6,1259,209.8333333,1,2,0.25,0.2222222222222222,0.37835901110713005,0.13404071280901814,0.0,0.5,0.0001984126984126984,0.03571428571428571,5015.93625498008,0.004761904761904762,-0.8751329984463506,-0.38703589718795567,0,-0.61375,1.7962500000000001,0,3,0,0,1,0,Basic,Pro
MW019,5,2679,535.8,2,2,1.07,0.16666666666666666,0.88713722680043,0.3541945115893747,0.5,0.5,0.0003992537313432836,0.17833333333333334,2501.4005602240895,0.0018656716417910447,1.07625311648859,1.4080775870637763,0,-0.61375,1.7962500000000001,0,9,0,1,1,0,Standard,Pro
DB020,19,505,26.57894737,2,1,0.2,0.9444444444444444,0.1082049444643497,0.010272998723143977,0.5,0.0,0.0003952569169960474,0.01,2512.4378109452737,0.037549407114624504,-0.9941199566740908,-1.3402158740371146,0,-0.61375,1.7962500000000001,0,2,0,1,0,0,Standard,Free
IB021,10,2832,283.2,3,1,1.7,0.4444444444444444,0.9419562880687925,0.18359163941564127,1.0,0.0,0.0006000705965407694,0.15454545454545454,1664.9029982363318,0.0035298270384751147,2.575488790158117,1.6014947441697727,0,-0.61375,1.7962500000000001,0,10,1,2,0,0,Premium,Free
NI022,7,1838,262.5714286,2,1,0.74,0.2777777777777778,0.5858115370834827,0.16965936099251802,0.5,0.0,0.0004023926046764546,0.0925,2480.4318488529016,0.0038064165307232192,0.29093919218550407,0.3449153051935604,0,-0.61375,1.7962500000000001,0,7,0,1,0,0,Standard,Free
UO023,3,396,132.0,2,1,0.16,0.05555555555555555,0.06915084199211752,0.08147305559668444,0.5,0.0,0.00040302267002518893,0.04,2459.6273291925463,0.007556675062972292,-1.089309523256283,-1.478009796419818,0,-0.61375,1.7962500000000001,0,2,0,1,0,0,Standard,Free
AO024,19,985,51.84210526,1,3,0.2,0.9444444444444444,0.28018631314940884,0.0273354187398206,0.0,1.0,0.0002028397565922921,0.01,4900.497512437811,0.019269776876267748,-0.9941199566740908,-0.7334169497830082,0,-0.61375,1.7962500000000001,0,2,0,0,2,0,Basic,Enterprise
EK025,12,1719,143.25,2,1,0.69,0.5555555555555556,0.5431744894303118,0.08907116451178539,0.5,0.0,0.0004011627906976744,0.05307692307692307,2487.6989869753984,0.0069767441860465115,0.1719522339577637,0.1944797385555631,0,-0.61375,1.7962500000000001,0,7,0,1,0,0,Standard,Free
VN026,12,2824,235.3333333,2,1,1.13,0.5555555555555556,0.9390899319240416,0.1512630930165803,0.5,0.0,0.00039999999999999996,0.08692307692307691,2496.905393457118,0.004247787610619469,1.219037466361878,1.5913814287655377,0,-0.61375,1.7962500000000001,0,9,0,1,0,0,Standard,Free
NN027,18,1475,81.94444444,3,1,0.89,0.8888888888888888,0.45575062701540664,0.04766616111217179,1.0,0.0,0.0006029810298102982,0.04684210526315789,1655.4433221099887,0.012195121951219513,0.6479000668687249,-0.11397638127360772,0,-0.61375,1.7962500000000001,0,8,0,2,0,0,Premium,Free
FC028,7,551,78.71428571,2,3,0.22,0.2777777777777778,0.12468649229666787,0.04548455241496253,0.5,1.0,0.00039855072463768114,0.0275,2493.212669683258,0.012681159420289856,-0.9465251733829948,-1.282064310462763,0,-0.61375,1.7962500000000001,0,2,0,1,2,0,Standard,Enterprise
BD029,11,1440,130.9090909,1,3,0.29,0.5,0.4432103188821211,0.08073626927150446,0.0,1.0,0.00020124913254684245,0.024166666666666666,4948.453608247423,0.007633587786259542,-0.7799434318641584,-0.15822213616713632,0,-0.61375,1.7962500000000001,0,3,0,0,2,0,Basic,Enterprise
ML030,10,1302,130.2,2,3,0.52,0.4444444444444444,0.3937656753851666,0.08025735817026827,0.5,1.0,0.00039907904834996167,0.04727272727272727,2499.040307101727,0.007674597083653108,-0.23260342401655307,-0.33267682689019196,0,-0.61375,1.7962500000000001,0,5,0,1,2,0,Standard,Enterprise
UI031,14,839,59.92857143,2,2,0.34,0.6666666666666666,0.22787531350770332,0.03279691657963743,0.5,0.5,0.0004047619047619048,0.02266666666666667,2460.4105571847504,0.016666666666666666,-0.6609564736364181,-0.9179849559102989,0,-0.61375,1.7962500000000001,0,4,0,1,1,0,Standard,Pro
OL032,11,1013,92.09090909,3,2,0.61,0.5,0.29021855965603727,0.05451895609118705,1.0,0.5,0.0006015779092702169,0.050833333333333335,1657.937806873977,0.010848126232741617,-0.018426899206620644,-0.6980203458681853,0,-0.61375,1.7962500000000001,0,6,0,2,1,0,Premium,Pro
WE033,4,2923,730.75,2,1,1.17,0.1111111111111111,0.974561089215335,0.4858612967448353,0.5,0.0,0.0004001367989056087,0.23399999999999999,2496.157130657558,0.0013679890560875513,1.3142270329440704,1.7165337068929472,0,-0.61375,1.7962500000000001,0,9,0,1,0,0,Standard,Free
LI034,10,2942,294.2,2,3,1.18,0.4444444444444444,0.9813686850591186,0.1910209014659622,0.5,1.0,0.00040095141012572204,0.10727272727272727,2491.109229466554,0.0033978933061501867,1.3380244245896185,1.7405528309780054,0,-0.61375,1.7962500000000001,0,9,0,1,2,0,Standard,Enterprise
SI035,17,1900,111.7647059,2,3,0.76,0.8333333333333334,0.6080257972053028,0.06780639172993778,0.5,1.0,0.0003997895844292478,0.042222222222222223,2496.7148488830485,0.008942661756970016,0.33853397547660025,0.42329349957638246,0,-0.61375,1.7962500000000001,0,7,0,1,2,0,Standard,Enterprise
FN036,3,1267,422.3333333,3,3,0.76,0.05555555555555555,0.38122536725188105,0.2775605478720362,1.0,1.0,0.0005993690851735016,0.19,1664.9145860709593,0.002365930599369085,0.33853397547660025,-0.37692258178372057,0,-0.61375,1.7962500000000001,0,7,0,2,2,0,Premium,Enterprise
GM037,7,1570,224.2857143,2,3,0.63,0.2777777777777778,0.48978860623432463,0.14380166969084351,0.5,1.0,0.00040101845957988543,0.07875,2488.1141045958793,0.004455760661998727,0.029167884084475508,0.006119239151684208,0,-0.61375,1.7962500000000001,0,7,0,1,2,0,Standard,Enterprise
FL038,18,1335,74.16666667,3,1,0.8,0.8888888888888888,0.40558939448226444,0.0424131475464908,1.0,0.0,0.0005988023952095808,0.042105263157894736,1666.6666666666665,0.01347305389221557,0.43372354205879254,-0.29095940084772215,0,-0.61375,1.7962500000000001,0,7,0,2,0,0,Premium,Free
DX039,15,1815,121.0,1,1,0.36,0.7222222222222222,0.5775707631673236,0.0740437935463635,0.0,0.0,0.00019823788546255506,0.0225,5027.700831024931,0.008259911894273128,-0.6133616903453221,0.31583952340638444,0,-0.61375,1.7962500000000001,0,4,0,0,0,0,Basic,Free
BO040,15,584,38.93333333,1,1,0.12,0.7222222222222222,0.13651021139376568,0.01861699606565723,0.0,0.0,0.00020512820512820512,0.0075,4826.446280991736,0.02564102564102564,-1.1844990898384753,-1.240346884420293,0,-0.61375,1.7962500000000001,0,1,0,0,0,0,Basic,Free
VU041,20,1354,67.7,3,3,0.81,1.0,0.412396990326048,0.038045641975262966,1.0,1.0,0.0005977859778597786,0.038571428571428576,1669.5437731196052,0.014760147601476014,0.4575209337043406,-0.26694027676266374,0,-0.61375,1.7962500000000001,0,7,0,2,2,0,Premium,Enterprise
EB042,17,1580,92.94117647,3,2,0.95,0.8333333333333334,0.49337155141526334,0.055093216016537945,1.0,0.5,0.0006008855154965211,0.05277777777777778,1661.4090431125132,0.010752688172043012,0.7906844167420132,0.018760883406978096,0,-0.61375,1.7962500000000001,0,8,0,2,1,0,Premium,Pro
SS043,2,2127,1063.5,1,3,0.43,0.0,0.689358652812612,0.7105964737670436,0.0,1.0,0.00020206766917293232,0.14333333333333334,4935.034802784223,0.0009398496240601503,-0.44677994882648564,0.7102588241715537,0,-0.61375,1.7962500000000001,0,4,0,0,2,1,Basic,Enterprise
TO044,19,2120,111.5789474,2,3,0.85,0.9444444444444444,0.6868505911859548,0.06768093276861283,0.5,1.0,0.00040075436115040073,0.042499999999999996,2491.186839012926,0.008958038661008957,0.5527105002865327,0.701409673192848,0,-0.61375,1.7962500000000001,0,8,0,1,2,0,Standard,Enterprise
VT045,10,1002,100.2,1,3,0.2,0.4444444444444444,0.2862773199570047,0.05999573439666574,0.0,1.0,0.00019940179461615156,0.018181818181818184,4985.074626865671,0.009970089730807577,-0.9941199566740908,-0.7119261545490085,0,-0.61375,1.7962500000000001,0,2,0,0,2,0,Basic,Enterprise
ZV046,20,1531,76.55,2,3,0.61,1.0,0.47581512002866355,0.04402282098847572,0.5,1.0,0.00039817232375979113,0.029047619047619048,2505.7283142389524,0.013054830287206266,-0.018426899206620644,-0.04318317344396195,0,-0.61375,1.7962500000000001,0,6,0,1,2,0,Standard,Enterprise
CS047,10,2700,270.0,1,2,0.54,0.4444444444444444,0.8946614116804013,0.17467652495525615,0.0,0.5,0.0001999259533506109,0.049090909090909095,4990.7578558225505,0.0037023324694557573,-0.18500864072545692,1.4346250399998934,0,-0.61375,1.7962500000000001,0,6,0,0,1,0,Basic,Pro
XD048,16,339,21.1875,3,1,0.2,0.7777777777777778,0.04872805446076675,0.006631682782940012,1.0,0.0,0.0005882352941176471,0.011764705882352941,1686.5671641791043,0.047058823529411764,-0.9941199566740908,-1.5500671686749932,0,-0.61375,1.7962500000000001,0,2,0,2,0,0,Premium,Free
KO049,3,1991,663.6666667,1,1,0.4,0.05555555555555555,0.6406305983518452,0.4405540547180425,0.0,0.0,0.00020080321285140563,0.1,4965.0872817955105,0.0015060240963855422,-0.5181721237631297,0.5383324622995568,0,-0.61375,1.7962500000000001,0,4,0,0,0,0,Basic,Free
JZ050,6,525,87.5,3,3,0.32,0.2222222222222222,0.11537083482622716,0.051418313665840654,1.0,1.0,0.0006083650190114068,0.045714285714285714,1635.5140186915887,0.011406844106463879,-0.7085512569275142,-1.314932585526527,0,-0.61375,1.7962500000000001,0,3,0,2,2,0,Premium,Enterprise
EN051,18,1386,77.0,2,3,0.55,0.8888888888888888,0.42386241490505194,0.04432674534507976,0.5,1.0,0.0003965392934390772,0.028947368421052635,2515.426497277677,0.012977649603460706,-0.16121124907990883,-0.2264870151457233,0,-0.61375,1.7962500000000001,0,6,0,1,2,0,Standard,Enterprise
EX052,11,1196,108.7272727,1,2,0.24,0.5,0.3557864564672161,0.0657549474387428,0.0,0.5,0.00020050125313283206,0.02,4962.6556016597515,0.009189640768588136,-0.8989303900918987,-0.46667825599630713,0,-0.61375,1.7962500000000001,0,2,0,0,1,0,Basic,Pro
MS053,17,1425,83.82352941,2,2,0.57,0.8333333333333334,0.437835901110713,0.04893527153553084,0.5,0.5,0.00039971949509116407,0.03166666666666666,2495.621716287216,0.011921458625525946,-0.11361646578881295,-0.17718460255007715,0,-0.61375,1.7962500000000001,0,6,0,1,1,0,Standard,Pro
OR054,2,1454,727.0,1,2,0.29,0.0,0.44822644213543533,0.483328593773135,0.0,0.5,0.0001993127147766323,0.09666666666666666,4996.563573883162,0.0013745704467353953,-0.7799434318641584,-0.14052383420972486,0,-0.61375,1.7962500000000001,0,3,0,0,1,1,Basic,Pro
MM055,15,238,15.86666667,1,2,0.05,0.7222222222222222,0.012540308133285561,0.0030380586797898517,0.0,0.5,0.0002092050209205021,0.003125,4666.666666666666,0.06276150627615062,-1.3510808313573115,-1.6777477756534616,0,-0.61375,1.7962500000000001,0,1,0,0,1,0,Basic,Pro
WJ056,18,2802,155.6666667,3,3,1.68,0.8888888888888888,0.9312074525259764,0.09745722548503936,1.0,1.0,0.0005993578308954691,0.08842105263157894,1666.8649613325404,0.006421691045308598,2.527894006867021,1.563569811403891,0,-0.61375,1.7962500000000001,0,10,1,2,2,0,Premium,Enterprise
HT057,20,2302,115.1,1,3,0.46,1.0,0.7520601934790397,0.070059007537555,0.0,1.0,0.00019973947025618758,0.021904761904761906,4993.492407809111,0.008684324793747287,-0.3753877738898414,0.9314875986391967,0,-0.61375,1.7962500000000001,0,5,0,0,2,0,Basic,Enterprise
UA058,19,2631,138.4736842,2,1,1.05,0.9444444444444444,0.869939089931924,0.08584530071966828,0.5,0.0,0.000398936170212766,0.052500000000000005,2503.3301617507136,0.007218844984802432,1.028658333197494,1.3473976946383657,0,-0.61375,1.7962500000000001,0,9,0,1,0,0,Standard,Free
XY059,6,1124,187.3333333,3,1,0.67,0.2222222222222222,0.3299892511644572,0.11884449497881622,1.0,0.0,0.0005955555555555556,0.09571428571428572,1675.1117734724291,0.005333333333333333,0.12435745066666781,-0.5576980946344231,0,-0.61375,1.7962500000000001,0,7,0,2,0,0,Premium,Free
YJ060,20,2459,122.95,1,2,0.49,1.0,0.8083124328197778,0.07536079909164767,0.0,0.5,0.0001991869918699187,0.023333333333333334,5008.146639511202,0.008130081300813009,-0.3039955989531973,1.1299614134473108,0,-0.61375,1.7962500000000001,0,5,0,0,1,0,Basic,Pro
HB061,15,2548,169.8666667,2,2,1.02,0.7222222222222222,0.8402006449301326,0.10704772740454456,0.5,0.5,0.00040015692428403297,0.06375,2495.592556317336,0.005884660651235779,0.9572661582608497,1.2424720473194264,0,-0.61375,1.7962500000000001,0,9,0,1,1,0,Standard,Pro
FA062,7,938,134.0,1,3,0.19,0.2777777777777778,0.26334647079899676,0.0828238305149246,0.0,1.0,0.00020234291799787007,0.02375,4910.994764397906,0.007454739084132056,-1.0179173483196389,-0.7928326777828895,0,-0.61375,1.7962500000000001,0,2,0,0,2,0,Basic,Enterprise
UA063,5,1211,242.2,2,1,0.48,0.16666666666666666,0.36116087423862414,0.1559007535917178,0.5,0.0,0.000396039603960396,0.08,2517.671517671518,0.004125412541254125,-0.3277929905987454,-0.44771578961336633,0,-0.61375,1.7962500000000001,0,5,0,1,0,0,Standard,Free
PX064,11,2992,272.0,3,3,1.8,0.5,0.9992834109638122,0.17602729987349633,1.0,1.0,0.0006014032743067157,0.15,1661.2992781787896,0.0036752422318743734,2.8134627066135978,1.803761052254475,0,-0.61375,1.7962500000000001,1,10,1,2,2,1,Premium,Enterprise
DM065,3,880,293.3333333,1,3,0.18,0.05555555555555555,0.24256538874955214,0.19043556564554523,0.0,1.0,0.0002043132803632236,0.045,4861.878453038674,0.00340522133938706,-1.041714739965187,-0.866154214463594,0,-0.61375,1.7962500000000001,0,2,0,0,2,0,Basic,Enterprise
BF066,20,2489,124.45,3,2,1.49,1.0,0.8190612683625941,0.0763738802803278,1.0,0.5,0.0005983935742971887,0.07095238095238095,1669.3494299128104,0.008032128514056224,2.0757435656016083,1.1678863462131923,0,-0.61375,1.7962500000000001,0,10,0,2,1,0,Premium,Pro
AV067,16,1983,123.9375,3,3,1.19,0.7777777777777778,0.6377642422070943,0.07602774420752875,1.0,1.0,0.0005997983870967741,0.06999999999999999,1664.9874055415619,0.008064516129032258,1.3618218162351665,0.5282191468953217,0,-0.61375,1.7962500000000001,0,10,0,2,2,0,Premium,Enterprise
FB068,18,807,44.83333333,1,3,0.16,0.8888888888888888,0.2164098889286994,0.02260178207446573,0.0,1.0,0.00019801980198019803,0.008421052631578947,5012.422360248447,0.022277227722772276,-1.089309523256283,-0.9584382175272393,0,-0.61375,1.7962500000000001,0,2,0,0,2,0,Basic,Enterprise
OW069,19,1955,102.8947368,1,1,0.39,0.9444444444444444,0.6277319957004658,0.061815725837015126,0.0,0.0,0.00019938650306748466,0.0195,5000.0,0.009713701431492843,-0.5419695154086778,0.4928225429804988,0,-0.61375,1.7962500000000001,0,4,0,0,0,0,Basic,Free
MT070,2,649,324.5,3,3,0.39,0.0,0.15979935506986742,0.2114851414773008,1.0,1.0,0.0006000000000000001,0.13,1659.846547314578,0.003076923076923077,-0.5419695154086778,-1.1581761967608828,0,-0.61375,1.7962500000000001,0,4,0,2,2,0,Premium,Enterprise
WB071,18,1823,101.2777778,3,2,1.09,0.8888888888888888,0.5804371193120745,0.060723652006503766,1.0,0.5,0.0005975877192982457,0.05736842105263158,1670.9440879926674,0.009868421052631578,1.1238478997796861,0.32595283881061954,0,-0.61375,1.7962500000000001,0,9,0,2,1,0,Premium,Pro
QU072,7,2192,313.1428571,1,1,0.44,0.2777777777777778,0.7126477964887137,0.2038146695912061,0.0,0.0,0.00020063839489284087,0.055,4970.521541950114,0.0031919744642042863,-0.4229825571809375,0.792429511830964,0,-0.61375,1.7962500000000001,0,5,0,0,0,0,Basic,Free
VK073,17,318,18.70588235,2,3,0.13,0.8333333333333334,0.041203869580795416,0.004955629343798955,0.5,1.0,0.0004075235109717868,0.007222222222222223,2427.4809160305344,0.05329153605015674,-1.1607016981929272,-1.5766146216111103,0,-0.61375,1.7962500000000001,0,1,0,1,2,0,Standard,Enterprise
UG074,6,1794,299.0,3,2,1.08,0.2222222222222222,0.5700465782873522,0.19426276126973863,1.0,0.5,0.0006016713091922006,0.1542857142857143,1659.5744680851064,0.003342618384401114,1.100050508134138,0.2892920704702673,0,-0.61375,1.7962500000000001,0,9,0,2,1,0,Premium,Pro
ZT075,11,2994,272.1818182,3,3,1.8,0.5,1.0,0.17615009760561612,1.0,1.0,0.0006010016694490818,0.15,1662.4097723486952,0.003672787979966611,2.8134627066135978,1.8062893811055336,0,-0.61375,1.7962500000000001,1,10,1,2,2,1,Premium,Enterprise
UK076,3,780,260.0,1,2,0.16,0.05555555555555555,0.20673593694016482,0.16792265036405532,0.0,0.5,0.00020486555697823305,0.04,4844.72049689441,0.0038412291933418692,-1.089309523256283,-0.9925706570165328,0,-0.61375,1.7962500000000001,0,2,0,0,1,0,Basic,Pro
ON077,3,283,94.33333333,2,3,0.11,0.05555555555555555,0.028663561447509853,0.05603346130090994,0.5,1.0,0.0003873239436619718,0.0275,2549.5495495495497,0.01056338028169014,-1.2082964814840234,-1.620860376504639,0,-0.61375,1.7962500000000001,0,1,0,1,2,0,Standard,Enterprise
GO078,15,2945,196.3333333,2,2,1.18,0.7222222222222222,0.9824435686134002,0.12492298211089699,0.5,0.5,0.00040054310930074673,0.07375,2493.6494496189675,0.0050916496945010185,1.3380244245896185,1.7443453242545937,0,-0.61375,1.7962500000000001,0,9,0,1,1,0,Standard,Pro
ZM079,19,2169,114.1578947,1,2,0.43,0.9444444444444444,0.7044070225725546,0.06942272143276443,0.0,0.5,0.00019815668202764977,0.0215,5032.482598607889,0.008755760368663594,-0.44677994882648564,0.763353730043788,0,-0.61375,1.7962500000000001,0,4,0,0,1,0,Basic,Pro
JL080,14,219,15.64285714,2,2,0.09,0.6666666666666666,0.00573271228950197,0.002886900529996291,0.5,0.5,0.0004090909090909091,0.006,2406.5934065934066,0.06363636363636363,-1.2558912647751195,-1.7017668997385198,0,-0.61375,1.7962500000000001,0,1,0,1,1,0,Standard,Pro
PP081,18,1451,80.61111111,3,1,0.87,0.8888888888888888,0.4471515585811537,0.04676564450226297,1.0,0.0,0.0005991735537190083,0.045789473684210526,1665.9012629161882,0.012396694214876033,0.6003052835776288,-0.14431632748631304,0,-0.61375,1.7962500000000001,0,8,0,2,0,0,Premium,Free
QQ082,16,2163,135.1875,2,1,0.87,0.7777777777777778,0.7022572554639914,0.08362585312262971,0.5,0.0,0.0004020332717190388,0.051176470588235295,2483.352468427095,0.0073937153419593345,0.6003052835776288,0.7557687434906116,0,-0.61375,1.7962500000000001,0,8,0,1,0,0,Standard,Free
NA083,15,1667,111.1333333,3,1,1.0,0.7222222222222222,0.5245431744894303,0.06737997059386575,1.0,0.0,0.0005995203836930455,0.0625,1665.3346653346655,0.008992805755395683,0.9096713749697535,0.12874318842803492,0,-0.61375,1.7962500000000001,0,9,0,2,0,0,Premium,Free
VB084,6,2228,371.3333333,1,1,0.45,0.2222222222222222,0.7255463991400931,0.24311578745691187,0.0,0.0,0.0002018842530282638,0.0642857142857143,4940.133037694013,0.0026917900403768506,-0.39918516553538946,0.8379394311500219,0,-0.61375,1.7962500000000001,0,5,0,0,0,0,Basic,Free
DF085,12,793,66.08333333,2,1,0.32,0.5555555555555556,0.21139376567538518,0.03695376558076754,0.5,0.0,0.00040302267002518893,0.024615384615384615,2470.404984423676,0.015113350125944584,-0.7085512569275142,-0.9761365194846507,0,-0.61375,1.7962500000000001,0,3,0,1,0,0,Standard,Free
MV086,20,2510,125.5,1,3,0.5,1.0,0.8265854532425654,0.07708303711240388,0.0,1.0,0.00019912385503783353,0.023809523809523808,5009.9800399201595,0.00796495420151334,-0.2801982073076492,1.1944337991493095,0,-0.61375,1.7962500000000001,0,5,0,0,2,0,Basic,Enterprise
YS087,4,1609,402.25,2,1,0.64,0.1111111111111111,0.5037620924399857,0.2639965164238874,0.5,0.0,0.00039751552795031056,0.128,2510.1404056162246,0.002484472049689441,0.05296527573002358,0.05542165174733037,0,-0.61375,1.7962500000000001,0,7,0,1,0,0,Standard,Free
OC088,10,714,71.4,2,2,0.29,0.4444444444444444,0.1830884987459692,0.040544575574007286,0.5,0.5,0.00040559440559440556,0.026363636363636363,2453.6082474226805,0.013986013986013986,-0.7799434318641584,-1.0760055091014724,0,-0.61375,1.7962500000000001,0,3,0,1,1,0,Standard,Pro
SO089,4,792,198.0,1,2,0.16,0.1111111111111111,0.2110354711572913,0.12604862789861004,0.0,0.5,0.000201765447667087,0.032,4919.254658385093,0.005044136191677175,-1.089309523256283,-0.9774006839101802,0,-0.61375,1.7962500000000001,0,2,0,0,1,0,Basic,Pro
DY090,15,1659,110.6,3,3,1.0,0.7222222222222222,0.5216768183446793,0.06701976397151461,1.0,1.0,0.0006024096385542169,0.0625,1657.3426573426575,0.009036144578313253,0.9096713749697535,0.11862987302379979,0,-0.61375,1.7962500000000001,0,9,0,2,2,0,Premium,Enterprise
FU091,5,2803,560.6,3,1,1.68,0.16666666666666666,0.9315657470440702,0.37094412057555287,1.0,0.0,0.0005991440798858773,0.27999999999999997,1667.4598453301608,0.001783166904422254,2.527894006867021,1.5648339758294205,0,-0.61375,1.7962500000000001,0,10,1,2,0,1,Premium,Free
OC092,6,1802,300.3333333,1,1,0.36,0.2222222222222222,0.5729129344321032,0.19516327785938584,0.0,0.0,0.00019966722129783693,0.05142857142857143,4991.689750692521,0.0033277870216306157,-0.6133616903453221,0.2994053858745024,0,-0.61375,1.7962500000000001,0,4,0,0,0,0,Basic,Free
OF093,2,1494,747.0,2,2,0.6,0.0,0.46255822285919024,0.4968363429555367,0.5,0.5,0.00040133779264214044,0.19999999999999998,2485.85690515807,0.0013377926421404682,-0.04222429085216872,-0.08995725718854933,0,-0.61375,1.7962500000000001,0,6,0,1,1,0,Standard,Pro
NX094,14,1815,129.6428571,3,3,1.09,0.6666666666666666,0.5775707631673236,0.07988107084267047,1.0,1.0,0.0006002202643171807,0.07266666666666667,1663.6113657195235,0.007709251101321586,1.1238478997796861,0.31583952340638444,0,-0.61375,1.7962500000000001,0,9,0,2,2,0,Premium,Enterprise
IB095,12,2825,235.4166667,3,2,1.7,0.5555555555555556,0.9394482264421354,0.15131937534986614,1.0,0.5,0.0006015569709837225,0.13076923076923078,1660.7877718988832,0.004246284501061571,2.575488790158117,1.592645593191067,0,-0.61375,1.7962500000000001,0,10,1,2,1,0,Premium,Pro
FE096,2,208,104.0,3,1,0.12,0.0,0.0017914725904693658,0.06256220674132205,1.0,0.0,0.0005741626794258373,0.04,1719.00826446281,0.009569377990430622,-1.1844990898384753,-1.715672708419343,0,-0.61375,1.7962500000000001,0,1,0,2,0,0,Premium,Free
AU097,11,882,80.18181818,1,3,0.18,0.5,0.24328197778573987,0.04647570544105205,0.0,1.0,0.00020385050962627406,0.015,4872.92817679558,0.01245753114382786,-1.041714739965187,-0.8636258856125352,0,-0.61375,1.7962500000000001,0,2,0,0,2,0,Basic,Enterprise
EU098,3,2395,798.3333333,2,2,0.96,0.05555555555555555,0.78538158366177,0.5315062325011881,0.5,0.5,0.0004006677796327212,0.24,2492.1956295525497,0.0012520868113522537,0.8144818083875612,1.0490548902134298,0,-0.61375,1.7962500000000001,0,8,0,1,1,0,Standard,Pro
FV099,7,2492,356.0,3,2,1.5,0.2777777777777778,0.8201361519168757,0.23275984643958347,1.0,0.5,0.0006016847172081829,0.1875,1660.2265156562294,0.002807862013638187,2.0995409572471564,1.1716788394897806,0,-0.61375,1.7962500000000001,0,10,1,2,1,0,Premium,Pro
PU100,6,993,165.5,3,3,0.6,0.2222222222222222,0.2830526692941598,0.10409853547720728,1.0,1.0,0.0006036217303822937,0.08571428571428572,1652.2462562396008,0.006036217303822937,-0.04222429085216872,-0.7233036343787731,0,-0.61375,1.7962500000000001,0,6,0,2,2,0,Premium,Enterprise
BL101,2,1125,562.5,1,2,0.23,0.0,0.33034754568255104,0.372227356747881,0.0,0.5,0.00020426287744227355,0.07666666666666667,4870.12987012987,0.0017761989342806395,-0.9227277817374467,-0.5564339302088938,0,-0.61375,1.7962500000000001,0,2,0,0,1,0,Basic,Pro
VI102,3,280,93.33333333,3,2,0.17,0.05555555555555555,0.027588677893228233,0.05535807384178986,1.0,0.5,0.000604982206405694,0.0425,1637.4269005847952,0.010676156583629894,-1.065512131610735,-1.6246528697812272,0,-0.61375,1.7962500000000001,0,2,0,2,1,0,Premium,Pro
NQ103,14,2578,184.1428571,1,1,0.52,0.6666666666666666,0.8509494804729487,0.1166896873647151,0.0,0.0,0.0002016285381930981,0.034666666666666665,4948.176583493282,0.005428460643660334,-0.23260342401655307,1.280396980085308,0,-0.61375,1.7962500000000001,0,5,0,0,0,0,Basic,Free
WJ104,3,2490,830.0,3,3,1.49,0.05555555555555555,0.819419562880688,0.5528935020625038,1.0,1.0,0.0005981533520674428,0.3725,1670.0201207243463,0.0012043356081894822,2.0757435656016083,1.1691505106387219,0,-0.61375,1.7962500000000001,0,10,0,2,2,1,Premium,Enterprise
BL105,20,1979,98.95,2,1,0.79,1.0,0.6363310641347187,0.05915150007276563,0.5,0.0,0.000398989898989899,0.03761904761904762,2501.8963337547407,0.010101010101010102,0.4099261504132445,0.5231624891932042,0,-0.61375,1.7962500000000001,0,7,0,1,0,0,Standard,Free
NS106,6,863,143.8333333,2,2,0.35,0.2222222222222222,0.23647438194195627,0.08946514050709252,0.5,0.5,0.0004050925925925926,0.049999999999999996,2458.6894586894587,0.006944444444444444,-0.6371590819908701,-0.8876450096975935,0,-0.61375,1.7962500000000001,0,4,0,1,1,0,Standard,Pro
JO107,6,1328,221.3333333,3,3,0.8,0.2222222222222222,0.4030813328556073,0.14180766858889912,1.0,1.0,0.0006019563581640331,0.1142857142857143,1657.92759051186,0.004514672686230248,0.43372354205879254,-0.29980855182642785,0,-0.61375,1.7962500000000001,0,7,0,2,2,0,Premium,Enterprise
OX108,13,947,72.84615385,3,3,0.57,0.6111111111111112,0.26657112146184164,0.0415212897482555,1.0,1.0,0.00060126582278481,0.04071428571428571,1658.4938704028023,0.013713080168776372,-0.11361646578881295,-0.7814551979531249,0,-0.61375,1.7962500000000001,0,6,0,2,2,0,Premium,Enterprise
MT109,10,1734,173.4,2,1,0.69,0.4444444444444444,0.5485489072017198,0.10943409640425596,0.5,0.0,0.00039769452449567723,0.06272727272727273,2509.4066570188133,0.005763688760806916,0.1719522339577637,0.21344220493850394,0,-0.61375,1.7962500000000001,0,7,0,1,0,0,Standard,Free
HH110,5,1966,393.2,3,2,1.18,0.16666666666666666,0.6316732353994984,0.2578842599188506,1.0,0.5,0.0005998983223182512,0.19666666666666666,1664.6909398814566,0.002541942043721403,1.3380244245896185,0.5067283516613221,0,-0.61375,1.7962500000000001,0,9,0,2,1,0,Premium,Pro
QC111,5,1147,229.4,3,2,0.69,0.16666666666666666,0.3382300250806163,0.14725579411498071,1.0,0.5,0.0006010452961672473,0.11499999999999999,1659.9131693198265,0.004355400696864111,0.1719522339577637,-0.5286223128472471,0,-0.61375,1.7962500000000001,0,7,0,2,1,0,Premium,Pro
ON112,17,2409,141.7058824,2,2,0.96,0.8333333333333334,0.7903977069150842,0.08802828684933879,0.5,0.5,0.00039834024896265557,0.05333333333333333,2506.763787721124,0.007053941908713693,0.8144818083875612,1.0667531921708413,0,-0.61375,1.7962500000000001,0,8,0,1,1,0,Standard,Pro
DP113,8,203,25.375,1,3,0.04,0.3333333333333333,0.0,0.009459867768005368,0.0,1.0,0.000196078431372549,0.0044444444444444444,4951.219512195122,0.0392156862745098,-1.3748782230028596,-1.72199353054699,0,-0.61375,1.7962500000000001,0,1,0,0,2,0,Basic,Enterprise
TC114,13,571,43.92307692,1,3,0.11,0.6111111111111112,0.13185238265854532,0.021987006310568057,0.0,1.0,0.0001923076923076923,0.007857142857142858,5144.144144144144,0.022727272727272728,-1.2082964814840234,-1.2567810219521751,0,-0.61375,1.7962500000000001,0,1,0,0,2,0,Basic,Enterprise
XU115,20,726,36.3,2,3,0.29,1.0,0.18738803296309567,0.016838475758892295,0.5,1.0,0.00039889958734525444,0.013809523809523808,2494.8453608247423,0.027510316368638238,-0.7799434318641584,-1.0608355359951198,0,-0.61375,1.7962500000000001,0,3,0,1,2,0,Standard,Enterprise
LL116,7,1405,200.7142857,3,3,0.84,0.2777777777777778,0.43067001074883554,0.12788182242085902,1.0,1.0,0.0005974395448079658,0.105,1670.6302021403092,0.004978662873399715,0.5289131086409846,-0.20246789106066493,0,-0.61375,1.7962500000000001,0,8,0,2,2,0,Premium,Enterprise
YS117,3,2548,849.3333333,2,1,1.02,0.05555555555555555,0.8402006449301326,0.5659509929163125,0.5,0.0,0.00040015692428403297,0.255,2495.592556317336,0.0011769321302471558,0.9572661582608497,1.2424720473194264,0,-0.61375,1.7962500000000001,0,9,0,1,0,0,Standard,Free
DG118,18,506,28.11111111,3,1,0.3,0.8888888888888888,0.10856323898244356,0.011307802898458504,1.0,0.0,0.000591715976331361,0.015789473684210527,1681.063122923588,0.03550295857988166,-0.7561460402186103,-1.3389517096115853,0,-0.61375,1.7962500000000001,0,3,0,2,0,0,Premium,Free
HW119,7,1470,210.0,3,3,0.88,0.2777777777777778,0.4539591544249373,0.13415327740805105,1.0,1.0,0.0005982324949014276,0.11,1668.5584562996594,0.004758667573079538,0.6241026752231769,-0.12029720340125466,0,-0.61375,1.7962500000000001,0,8,0,2,2,0,Premium,Enterprise
GF120,9,1658,184.2222222,2,1,0.66,0.3888888888888889,0.5213185238265855,0.11674328955794694,0.5,0.0,0.00039783001808318263,0.066,2508.320726172466,0.0054249547920434,0.10056005902111974,0.1173657085982704,0,-0.61375,1.7962500000000001,0,7,0,1,0,0,Standard,Free
UM121,19,1179,62.05263158,2,3,0.47,0.9444444444444444,0.3496954496596202,0.03423148016736416,0.5,1.0,0.0003983050847457627,0.0235,2503.1847133757965,0.016101694915254237,-0.35159038224429345,-0.48816905123030674,0,-0.61375,1.7962500000000001,0,5,0,1,2,0,Standard,Enterprise
LS122,14,426,30.42857143,1,3,0.09,0.6666666666666666,0.07989967753493371,0.012872986535594926,0.0,1.0,0.0002107728337236534,0.006,4681.318681318681,0.03278688524590164,-1.2558912647751195,-1.4400848636539365,0,-0.61375,1.7962500000000001,0,1,0,0,2,0,Basic,Enterprise
ZI123,15,1330,88.66666667,3,3,0.8,0.7222222222222222,0.40379792189179503,0.05220626570373204,1.0,1.0,0.0006010518407212623,0.05,1660.4244694132333,0.011269722013523666,0.43372354205879254,-0.29728022297536905,0,-0.61375,1.7962500000000001,0,7,0,2,2,0,Premium,Enterprise
UZ124,7,2196,313.7142857,2,1,0.88,0.2777777777777778,0.7140809745610892,0.20420060530142864,0.5,0.0,0.0004005461993627674,0.11,2492.622020431328,0.0031861629494765588,0.6241026752231769,0.7974861695330815,0,-0.61375,1.7962500000000001,0,8,0,1,0,0,Standard,Free
IB125,13,2906,223.5384615,1,3,0.58,0.6111111111111112,0.9684700824077391,0.14329698452093118,0.0,1.0,0.00019951840385276916,0.041428571428571426,5001.721170395869,0.004471964224286206,-0.08981907414326487,1.6950429116589474,0,-0.61375,1.7962500000000001,0,6,0,0,2,0,Basic,Enterprise
FI126,18,1489,82.72222222,2,3,0.6,0.8888888888888888,0.4607667502687209,0.048191462470766055,0.5,1.0,0.00040268456375838925,0.031578947368421054,2477.5374376039936,0.012080536912751677,-0.04222429085216872,-0.09627807931619628,0,-0.61375,1.7962500000000001,0,6,0,1,2,0,Standard,Enterprise
WI127,11,549,49.90909091,3,1,0.33,0.5,0.12396990326048012,0.026029885089531444,1.0,0.0,0.0006000000000000001,0.0275,1658.610271903323,0.02,-0.6847538652819661,-1.2845926393138216,0,-0.61375,1.7962500000000001,0,3,0,2,0,0,Premium,Free
MB128,9,2067,229.6666667,2,3,0.83,0.3888888888888889,0.6678609817269796,0.14743589745992566,0.5,1.0,0.0004013539651837524,0.08299999999999999,2487.3646209386284,0.004352030947775629,0.5051157169954364,0.6344089586397904,0,-0.61375,1.7962500000000001,0,8,0,1,2,0,Standard,Enterprise
JJ129,11,2869,260.8181818,1,2,0.57,0.5,0.9552131852382658,0.1684752400910556,0.0,0.5,0.00019860627177700348,0.047499999999999994,5024.518388791594,0.003832752613240418,-0.11361646578881295,1.64826882791436,0,-0.61375,1.7962500000000001,0,6,0,0,1,0,Basic,Pro
QI130,2,2632,1316.0,2,2,1.05,0.0,0.8702973844500179,0.8811318071948651,0.5,0.5,0.0003987846562856058,0.35000000000000003,2504.281636536632,0.0007595898214963919,1.028658333197494,1.348661859063895,0,-0.61375,1.7962500000000001,0,9,0,1,1,1,Standard,Pro
EB131,12,823,68.58333333,2,2,0.33,0.5555555555555556,0.22214260121820137,0.03864223422856775,0.5,0.5,0.0004004854368932039,0.025384615384615387,2486.404833836858,0.014563106796116505,-0.6847538652819661,-0.9382115867187691,0,-0.61375,1.7962500000000001,0,3,0,1,1,0,Standard,Pro
WN132,7,824,117.7142857,2,1,0.33,0.2777777777777778,0.22250089573629522,0.07182466331389198,0.5,0.0,0.0004,0.04125,2489.4259818731116,0.008484848484848486,-0.6847538652819661,-0.9369474222932397,0,-0.61375,1.7962500000000001,0,3,0,1,0,0,Standard,Free
XP133,18,1916,106.4444444,2,3,0.77,0.8888888888888888,0.6137585094948047,0.06421315383359837,0.5,1.0,0.0004016692749087115,0.04052631578947369,2485.084306095979,0.009389671361502348,0.3623313671221483,0.44352013038485266,0,-0.61375,1.7962500000000001,0,7,0,1,2,0,Standard,Enterprise
AN134,13,395,30.38461538,2,2,0.16,0.6111111111111112,0.06879254747402365,0.012843299170672465,0.5,0.5,0.00040404040404040404,0.011428571428571429,2453.4161490683227,0.03282828282828283,-1.089309523256283,-1.4792739608453476,0,-0.61375,1.7962500000000001,0,2,0,1,1,0,Standard,Pro
QI135,3,1568,522.6666667,3,2,0.94,0.05555555555555555,0.48907201719813687,0.3453244229821105,1.0,0.5,0.0005991077119184194,0.235,1666.3124335812965,0.0019120458891013384,0.7668870250964651,0.0035909103006254305,0,-0.61375,1.7962500000000001,0,8,0,2,1,0,Premium,Pro
BW136,6,1133,188.8333333,1,1,0.23,0.2222222222222222,0.33321390182730204,0.11985757616749634,0.0,0.0,0.00020282186948853616,0.032857142857142856,4904.761904761905,0.005291005291005291,-0.9227277817374467,-0.5463206148046587,0,-0.61375,1.7962500000000001,0,2,0,0,0,0,Basic,Free
YM137,2,2851,1425.5,2,3,1.14,0.0,0.9487638839125762,0.9550867339685144,0.5,1.0,0.00039971949509116407,0.37999999999999995,2498.685363716039,0.0007012622720897616,1.242834858007426,1.6255138682548311,0,-0.61375,1.7962500000000001,0,9,0,1,2,1,Standard,Enterprise
LE138,12,573,47.75,3,2,0.34,0.5555555555555556,0.13256897169473308,0.024571662165817267,1.0,0.5,0.0005923344947735192,0.026153846153846156,1680.3519061583577,0.020905923344947737,-0.6609564736364181,-1.2542526931011162,0,-0.61375,1.7962500000000001,0,4,0,2,1,0,Premium,Pro
WE139,3,342,114.0,2,3,0.14,0.05555555555555555,0.04980293801504837,0.0693160813325229,0.5,1.0,0.00040816326530612246,0.035,2425.531914893617,0.008746355685131196,-1.1369043065473792,-1.5462746753984051,0,-0.61375,1.7962500000000001,0,1,0,1,2,0,Standard,Enterprise
YL140,13,2782,214.0,2,2,1.11,0.6111111111111112,0.9240415621640989,0.1368548272445314,0.5,0.5,0.0003988501616960115,0.07928571428571429,2504.0504050405043,0.004671218109953288,1.1714426830707823,1.5382865228933034,0,-0.61375,1.7962500000000001,0,9,0,1,1,0,Standard,Pro
TR141,14,2827,201.9285714,1,3,0.57,0.6666666666666666,0.9401648154783232,0.1287019357544279,0.0,1.0,0.00020155586987270153,0.038,4950.963222416813,0.0049504950495049506,-0.11361646578881295,1.5951739220421257,0,-0.61375,1.7962500000000001,0,6,0,0,2,0,Basic,Enterprise
DH142,2,2911,1455.5,1,2,0.58,0.0,0.9702615549982085,0.9753483577421169,0.0,0.5,0.00019917582417582416,0.19333333333333333,5010.327022375215,0.0006868131868131869,-0.08981907414326487,1.7013637337865943,0,-0.61375,1.7962500000000001,0,6,0,0,1,1,Basic,Pro
CX143,5,268,53.6,2,1,0.11,0.16666666666666666,0.023289143676101756,0.028522678801669768,0.5,0.0,0.00040892193308550185,0.018333333333333333,2414.4144144144143,0.01858736059479554,-1.2082964814840234,-1.6398228428875798,0,-0.61375,1.7962500000000001,0,1,0,1,0,0,Standard,Free
SL144,17,1154,67.88235294,2,1,0.46,0.8333333333333334,0.3407380867072734,0.03816880086407264,0.5,0.0,0.0003982683982683983,0.025555555555555557,2503.2537960954446,0.01471861471861472,-0.3753877738898414,-0.5197731618685415,0,-0.61375,1.7962500000000001,0,5,0,1,0,0,Standard,Free
GL145,4,1952,488.0,3,1,1.17,0.1111111111111111,0.6266571121461841,0.3219109910434347,1.0,0.0,0.0005990783410138249,0.23399999999999999,1666.951323654996,0.002048131080389145,1.3142270329440704,0.4890300497039107,0,-0.61375,1.7962500000000001,0,9,0,2,0,0,Premium,Free
MG146,15,234,15.6,1,1,0.05,0.7222222222222222,0.011107130060910068,0.0028579553551065368,0.0,0.0,0.00021276595744680854,0.003125,4588.235294117647,0.06382978723404255,-1.3510808313573115,-1.682804433355579,0,-0.61375,1.7962500000000001,0,1,0,0,0,0,Basic,Free
DY147,20,1379,68.95,2,1,0.55,1.0,0.4213543532783948,0.03888987629916307,0.5,0.0,0.0003985507246376812,0.02619047619047619,2502.7223230490017,0.014492753623188406,-0.16121124907990883,-0.23533616612442904,0,-0.61375,1.7962500000000001,0,6,0,1,0,0,Standard,Free
BV148,7,323,46.14285714,1,1,0.06,0.2777777777777778,0.04299534217126478,0.02348621803315888,0.0,0.0,0.00018518518518518518,0.0075,5295.081967213115,0.021604938271604937,-1.3272834397117637,-1.5702937994834634,0,-0.61375,1.7962500000000001,0,1,0,0,0,0,Basic,Free
KI149,8,2771,346.375,2,3,1.11,0.3333333333333333,0.9201003224650662,0.22625924214555265,0.5,1.0,0.0004004329004329005,0.12333333333333335,2494.1494149414943,0.002886002886002886,1.1714426830707823,1.52438071421248,0,-0.61375,1.7962500000000001,0,9,0,1,2,0,Standard,Enterprise
CU150,17,1512,88.94117647,1,3,0.3,0.8333333333333334,0.46900752418487995,0.052391666180057604,0.0,1.0,0.0001982815598149372,0.016666666666666666,5023.2558139534885,0.011235955056179775,-0.7561460402186103,-0.06720229752902034,0,-0.61375,1.7962500000000001,0,3,0,0,2,0,Basic,Enterprise
GD151,12,631,52.58333333,2,2,0.25,0.5555555555555556,0.1533500537441777,0.02783603488264639,0.5,0.5,0.00039556962025316455,0.019230769230769232,2513.9442231075695,0.0189873417721519,-0.8751329984463506,-1.1809311564204117,0,-0.61375,1.7962500000000001,0,3,0,1,1,0,Standard,Pro
IF152,4,2057,514.25,3,2,1.23,0.1111111111111111,0.6642780365460409,0.33963991184533693,1.0,0.5,0.000597667638483965,0.246,1670.9991876523154,0.001943634596695821,1.4570113828173588,0.6217673143844965,0,-0.61375,1.7962500000000001,0,10,0,2,1,0,Premium,Pro
CY153,10,2051,205.1,2,2,0.82,0.4444444444444444,0.6621282694374776,0.13084387885836266,0.5,0.5,0.0003996101364522417,0.07454545454545454,2498.172959805116,0.004873294346978557,0.48131832534988844,0.6141823278313202,0,-0.61375,1.7962500000000001,0,8,0,1,1,0,Standard,Pro
QI154,16,618,38.625,1,2,0.12,0.7777777777777778,0.14869222500895737,0.018408751601346494,0.0,0.5,0.0001938610662358643,0.007058823529411764,5107.438016528926,0.025848142164781908,-1.1844990898384753,-1.1973652939522939,0,-0.61375,1.7962500000000001,0,1,0,0,1,0,Basic,Pro
AH155,7,975,139.2857143,2,1,0.39,0.2777777777777778,0.27660336796847007,0.0863937356656363,0.5,0.0,0.00039959016393442627,0.04875,2493.606138107417,0.007172131147540984,-0.5419695154086778,-0.746058594038302,0,-0.61375,1.7962500000000001,0,4,0,1,0,0,Standard,Free
AI156,14,2142,153.0,3,1,1.29,0.6666666666666666,0.6947330705840201,0.09565619223820622,1.0,0.0,0.0006019598693420439,0.08600000000000001,1659.178931061193,0.006532897806812879,1.5997957326906471,0.7292212905544945,0,-0.61375,1.7962500000000001,0,10,0,2,0,0,Premium,Free
BZ157,9,2472,274.6666667,1,3,0.49,0.3888888888888889,0.8129702615549982,0.17782833312032947,0.0,1.0,0.00019813991103922362,0.049,5034.623217922607,0.003639304488475536,-0.3039955989531973,1.1463955509791928,0,-0.61375,1.7962500000000001,0,5,0,0,2,0,Basic,Enterprise
EA158,13,2162,166.3076923,3,3,1.3,0.6111111111111112,0.7018989609458975,0.10464404072745515,1.0,1.0,0.0006010171058714748,0.09285714285714286,1661.7986164488855,0.006010171058714748,1.6235931243361952,0.7545045790650823,0,-0.61375,1.7962500000000001,0,10,0,2,2,0,Premium,Enterprise
AC159,6,818,136.3333333,3,3,0.49,0.2222222222222222,0.22035112862773198,0.08439973456369189,1.0,1.0,0.0005982905982905983,0.06999999999999999,1665.9877800407332,0.007326007326007326,-0.3039955989531973,-0.9445324088464161,0,-0.61375,1.7962500000000001,0,5,0,2,2,0,Premium,Enterprise
BR160,6,1899,316.5,3,3,1.14,0.2222222222222222,0.6076675026872089,0.20608204180434012,1.0,1.0,0.0006,0.16285714285714284,1664.32953549518,0.003157894736842105,1.242834858007426,0.42202933515085306,0,-0.61375,1.7962500000000001,0,9,0,2,2,0,Premium,Enterprise
XQ161,18,2192,121.7777778,2,3,0.88,0.8888888888888888,0.7126477964887137,0.0745690949184655,0.5,1.0,0.00040127678978568173,0.04631578947368421,2488.0817253121454,0.008207934336525308,0.6241026752231769,0.792429511830964,0,-0.61375,1.7962500000000001,0,8,0,1,2,0,Standard,Enterprise
FI162,8,2120,265.0,3,3,1.27,0.3333333333333333,0.6868505911859548,0.17129958765965575,1.0,1.0,0.0005987741631305988,0.1411111111111111,1667.9779701022817,0.003771805752003772,1.552200949399551,0.701409673192848,0,-0.61375,1.7962500000000001,0,10,0,2,2,0,Premium,Enterprise
CD163,10,2119,211.9,2,2,0.85,0.4444444444444444,0.6864922966678609,0.13543651358037923,0.5,0.5,0.0004009433962264151,0.07727272727272727,2490.011750881316,0.0047169811320754715,0.5527105002865327,0.7001455087673186,0,-0.61375,1.7962500000000001,0,8,0,1,1,0,Standard,Pro
FE164,8,1079,134.875,3,2,0.65,0.3333333333333333,0.3138659978502329,0.08341479454165468,1.0,0.5,0.0006018518518518519,0.07222222222222223,1657.4500768049154,0.007407407407407408,0.07676266737557166,-0.6145854937832457,0,-0.61375,1.7962500000000001,0,7,0,2,1,0,Premium,Pro
LL165,8,1162,145.25,2,1,0.46,0.3333333333333333,0.34360444285202435,0.09042193943002556,0.5,0.0,0.0003955288048151333,0.051111111111111114,2520.6073752711495,0.006878761822871883,-0.3753877738898414,-0.5096598464643064,0,-0.61375,1.7962500000000001,0,5,0,1,0,0,Standard,Free
ED166,18,2386,132.5555556,2,2,0.95,0.8888888888888888,0.7821569329989251,0.08184827088176837,0.5,0.5,0.000397989107666527,0.049999999999999996,2508.937960042061,0.00754084625052367,0.7906844167420132,1.0376774103836655,0,-0.61375,1.7962500000000001,0,8,0,1,1,0,Standard,Pro
DG167,10,206,20.6,1,3,0.04,0.4444444444444444,0.0010748835542816195,0.006234892650706963,0.0,1.0,0.0001932367149758454,0.0036363636363636364,5024.390243902439,0.04830917874396135,-1.3748782230028596,-1.718201037270402,0,-0.61375,1.7962500000000001,0,1,0,0,2,0,Basic,Enterprise
PJ168,20,1750,87.5,3,1,1.05,1.0,0.5542816194912218,0.051418313665840654,1.0,0.0,0.0005996573386636208,0.05,1665.080875356803,0.011422044545973729,1.028658333197494,0.23366883574697417,0,-0.61375,1.7962500000000001,0,9,0,2,0,0,Premium,Free
IP169,19,621,32.68421053,1,2,0.12,0.9444444444444444,0.149767108563239,0.014396416896035838,0.0,0.5,0.00019292604501607716,0.006,5132.231404958678,0.03054662379421222,-1.1844990898384753,-1.1935728006757056,0,-0.61375,1.7962500000000001,0,1,0,0,1,0,Basic,Pro
LB170,15,531,35.4,2,1,0.21,0.7222222222222222,0.1175206019347904,0.016230627045684218,0.5,0.0,0.00039473684210526315,0.013125,2516.5876777251187,0.02819548872180451,-0.9703225650285429,-1.3073475989733505,0,-0.61375,1.7962500000000001,0,2,0,1,0,0,Standard,Free
LW171,17,920,54.11764706,1,1,0.18,0.8333333333333334,0.25689716947330704,0.028872291134244152,0.0,0.0,0.00019543973941368078,0.01,5082.8729281767955,0.018458197611292075,-1.041714739965187,-0.8155876374424185,0,-0.61375,1.7962500000000001,0,2,0,0,0,0,Basic,Free
NI172,20,2909,145.45,1,1,0.58,1.0,0.9695449659620208,0.09055701692184957,0.0,0.0,0.0001993127147766323,0.027619047619047616,5006.884681583477,0.006872852233676976,-0.08981907414326487,1.6988354049355356,0,-0.61375,1.7962500000000001,0,6,0,0,0,0,Basic,Free
RZ173,18,1516,84.22222222,3,2,0.91,0.8888888888888888,0.4704407022572555,0.04920454365944618,1.0,0.5,0.0005998681608437706,0.04789473684210527,1664.1053787047201,0.011865524060646011,0.6954948501598212,-0.06214563982690278,0,-0.61375,1.7962500000000001,0,8,0,2,1,0,Premium,Pro
DZ174,10,1984,198.4,1,2,0.4,0.4444444444444444,0.6381225367251881,0.1263187828822581,0.0,0.5,0.00020151133501259446,0.03636363636363637,4947.630922693266,0.005037783375314861,-0.5181721237631297,0.5294833113208511,0,-0.61375,1.7962500000000001,0,4,0,0,1,0,Basic,Pro
LT175,7,693,99.0,3,3,0.42,0.2777777777777778,0.17556431386599786,0.05918526944572163,1.0,1.0,0.0006051873198847262,0.0525,1646.080760095012,0.010086455331412104,-0.4705773404720337,-1.1025529620375896,0,-0.61375,1.7962500000000001,0,4,0,2,2,0,Premium,Enterprise
VW176,8,1108,138.5,1,2,0.22,0.3333333333333333,0.3242565388749552,0.08586307408096498,0.0,0.5,0.00019837691614066726,0.024444444444444446,5013.574660633484,0.007213706041478809,-0.9465251733829948,-0.5779247254428933,0,-0.61375,1.7962500000000001,0,2,0,0,1,0,Basic,Pro
GW177,5,2671,534.2,1,1,0.53,0.16666666666666666,0.884270870655679,0.35311389165478263,0.0,0.0,0.00019835329341317366,0.08833333333333333,5030.131826741996,0.0018712574850299401,-0.20880603237100498,1.397964271659541,0,-0.61375,1.7962500000000001,0,6,0,0,0,0,Basic,Free
WC178,17,624,36.70588235,2,1,0.25,0.8333333333333334,0.1508419921175206,0.017112603607960488,0.5,0.0,0.0004,0.013888888888888888,2486.0557768924305,0.0272,-0.8751329984463506,-1.1897803073991176,0,-0.61375,1.7962500000000001,0,3,0,1,0,0,Standard,Free
YR179,3,2487,829.0,1,2,0.5,0.05555555555555555,0.8183446793264063,0.5522181146033837,0.0,0.5,0.00020096463022508038,0.125,4964.071856287425,0.0012057877813504824,-0.2801982073076492,1.1653580173621336,0,-0.61375,1.7962500000000001,0,5,0,0,1,0,Basic,Pro
NQ180,19,1920,101.0526316,3,2,1.15,0.9444444444444444,0.6151916875671802,0.06057159108655522,1.0,0.5,0.0005986465382613222,0.057499999999999996,1668.1146828844485,0.00989068193649141,1.266632249652974,0.4485767880869702,0,-0.61375,1.7962500000000001,0,9,0,2,1,0,Premium,Pro
EM181,16,2448,153.0,2,3,0.98,0.7777777777777778,0.8043711931207452,0.09565619223820622,0.5,1.0,0.00040016333197223354,0.05764705882352941,2495.412844036697,0.006533278889342589,0.8620765916786574,1.1160556047664874,0,-0.61375,1.7962500000000001,0,8,0,1,2,0,Standard,Enterprise
QN182,11,2253,204.8181818,2,3,0.9,0.5,0.73450376209244,0.13065354238033083,0.5,1.0,0.0003992901508429459,0.075,2500.5549389567145,0.0048802129547471165,0.671697458514273,0.8695435417882567,0,-0.61375,1.7962500000000001,0,8,0,1,2,0,Standard,Enterprise
VF183,15,1282,85.46666667,1,3,0.26,0.7222222222222222,0.3865997850232891,0.05004502583454777,0.0,1.0,0.00020265003897116136,0.01625,4911.877394636015,0.011691348402182385,-0.8513356068008026,-0.3579601154007797,0,-0.61375,1.7962500000000001,0,3,0,0,2,0,Basic,Enterprise
HJ184,14,1566,111.8571429,1,2,0.31,0.6666666666666666,0.4883554281619491,0.06786882252049647,0.0,0.5,0.00019783024888321633,0.020666666666666667,5035.369774919614,0.008934269304403318,-0.7323486485730623,0.0010625814495666534,0,-0.61375,1.7962500000000001,0,3,0,0,1,0,Basic,Pro
ZK185,3,1511,503.6666667,2,3,0.6,0.05555555555555555,0.46864922966678607,0.33249206125882896,0.5,1.0,0.0003968253968253968,0.15,2514.14309484193,0.001984126984126984,-0.04222429085216872,-0.06846646195454972,0,-0.61375,1.7962500000000001,0,6,0,1,2,0,Standard,Enterprise
RL186,8,2773,346.625,3,1,1.66,0.3333333333333333,0.920816911501254,0.22642808901033268,1.0,0.0,0.0005984138428262437,0.18444444444444444,1669.4762191450934,0.002883922134102379,2.4802992235759245,1.5269090430635388,0,-0.61375,1.7962500000000001,0,10,1,2,0,0,Premium,Free
VU187,13,477,36.69230769,3,1,0.29,0.6111111111111112,0.09817269795772125,0.017103435452834666,1.0,0.0,0.000606694560669456,0.020714285714285713,1639.175257731959,0.027196652719665274,-0.7799434318641584,-1.3756124779519376,0,-0.61375,1.7962500000000001,0,3,0,2,0,0,Premium,Free
NP188,11,2557,232.4545455,3,1,1.53,0.5,0.8434252955929774,0.1493187958389924,1.0,0.0,0.000598123534010946,0.1275,1670.1502286087525,0.004300234558248631,2.1709331321838006,1.2538495271491907,0,-0.61375,1.7962500000000001,0,10,1,2,0,0,Premium,Free
PI189,17,353,20.76470588,1,2,0.07,0.8333333333333334,0.05374417771408097,0.0063461329365023,0.0,0.5,0.0001977401129943503,0.003888888888888889,4971.830985915492,0.0480225988700565,-1.3034860480662156,-1.5323688667175819,0,-0.61375,1.7962500000000001,0,1,0,0,1,0,Basic,Pro
DQ190,10,750,75.0,3,1,0.45,0.4444444444444444,0.19598710139734862,0.04297597042683959,1.0,0.0,0.0005992010652463382,0.04090909090909091,1662.9711751662971,0.013315579227696404,-0.39918516553538946,-1.0304955897824144,0,-0.61375,1.7962500000000001,0,5,0,2,0,0,Premium,Free
CJ191,6,2538,423.0,3,1,1.52,0.2222222222222222,0.8366176997491939,0.2780108062006292,1.0,0.0,0.0005986608901142182,0.21714285714285714,1668.639053254438,0.0023631350925561244,2.1471357405382525,1.2298304030641325,0,-0.61375,1.7962500000000001,0,10,1,2,0,0,Premium,Free
EA192,10,693,69.3,3,1,0.42,0.4444444444444444,0.17556431386599786,0.039126261909855096,1.0,0.0,0.0006051873198847262,0.03818181818181818,1646.080760095012,0.01440922190201729,-0.4705773404720337,-1.1025529620375896,0,-0.61375,1.7962500000000001,0,4,0,2,0,0,Premium,Free
SH193,3,316,105.3333333,1,2,0.06,0.05555555555555555,0.040487280544607665,0.06346272333096925,0.0,0.5,0.0001892744479495268,0.015,5180.327868852459,0.00946372239747634,-1.3272834397117637,-1.5791429504621692,0,-0.61375,1.7962500000000001,0,1,0,0,1,0,Basic,Pro
QH194,11,785,71.36363636,2,3,0.31,0.5,0.20852740953063417,0.040520016027583323,0.5,1.0,0.0003944020356234097,0.025833333333333333,2524.1157556270095,0.013994910941475827,-0.7323486485730623,-0.9862498348888858,0,-0.61375,1.7962500000000001,0,3,0,1,2,0,Standard,Enterprise
QU195,9,1650,183.3333333,3,2,0.99,0.3888888888888889,0.5184521676818344,0.11614294514233588,1.0,0.5,0.0005996365838885524,0.099,1664.9848637739658,0.005451241671714113,0.8858739833242054,0.1072523931940353,0,-0.61375,1.7962500000000001,0,9,0,2,1,0,Premium,Pro
RU196,2,2219,1109.5,3,2,1.33,0.0,0.7223217484772483,0.7416642968865674,1.0,0.5,0.0005990990990990991,0.44333333333333336,1667.1675432006011,0.0009009009009009009,1.6949852992728396,0.8265619513202574,0,-0.61375,1.7962500000000001,0,10,0,2,1,1,Premium,Pro
LA197,17,483,28.41176471,2,1,0.19,0.8333333333333334,0.10032246506628449,0.011510860569437809,0.5,0.0,0.00039256198347107437,0.010555555555555556,2528.7958115183246,0.03512396694214876,-1.0179173483196389,-1.3680274913987613,0,-0.61375,1.7962500000000001,0,2,0,1,0,0,Standard,Free
KZ198,18,511,28.38888889,1,1,0.1,0.8888888888888888,0.11035471157291293,0.011495410527492722,0.0,0.0,0.0001953125,0.005263157894736842,5059.405940594059,0.03515625,-1.2320938731295714,-1.3326308874839383,0,-0.61375,1.7962500000000001,0,1,0,0,0,0,Basic,Free
YH199,12,1718,143.1666667,3,1,1.03,0.5555555555555556,0.5428161949122179,0.0890148822460383,1.0,0.0,0.0005991855730075625,0.07923076923076923,1666.3433559650825,0.006980802792321117,0.9810635499063978,0.19321557413003373,0,-0.61375,1.7962500000000001,0,9,0,2,0,0,Premium,Free
CD200,17,833,49.0,3,1,0.5,0.8333333333333334,0.22572554639914008,0.025415896489717375,1.0,0.0,0.0005995203836930455,0.027777777777777776,1662.6746506986028,0.02038369304556355,-0.2801982073076492,-0.9255699424634752,0,-0.61375,1.7962500000000001,0,5,0,2,0,0,Premium,Free
DN201,16,2224,139.0,1,3,0.44,0.7777777777777778,0.7241132210677177,0.08620076781052503,0.0,1.0,0.00019775280898876404,0.02588235294117647,5043.083900226758,0.0071910112359550565,-0.4229825571809375,0.8328827734479044,0,-0.61375,1.7962500000000001,0,5,0,0,2,0,Basic,Enterprise
XD202,15,1801,120.0666667,3,1,1.08,0.7222222222222222,0.5725546399140093,0.07341343194036433,1.0,0.0,0.0005993340732519424,0.0675,1666.049953746531,0.008324084350721421,1.100050508134138,0.298141221448973,0,-0.61375,1.7962500000000001,0,9,0,2,0,0,Premium,Free
RU203,13,986,75.84615385,2,3,0.39,0.6111111111111112,0.28054460766750267,0.04354745212561576,0.5,1.0,0.00039513677811550154,0.027857142857142858,2521.7391304347825,0.013171225937183385,-0.5419695154086778,-0.7321527853574787,0,-0.61375,1.7962500000000001,0,4,0,1,2,0,Standard,Enterprise
QP204,9,2294,254.8888889,2,1,0.92,0.3888888888888889,0.7491938373342888,0.16447067002494586,0.5,0.0,0.0004008714596949891,0.092,2490.770901194354,0.00392156862745098,0.7192922418053692,0.9213742832349616,0,-0.61375,1.7962500000000001,0,8,0,1,0,0,Standard,Free
GF205,9,1600,177.7777778,2,2,0.64,0.3888888888888889,0.5005374417771408,0.11239079262919027,0.5,0.5,0.00039975015615240474,0.064,2496.09984399376,0.005621486570893191,0.05296527573002358,0.04404417191756587,0,-0.61375,1.7962500000000001,0,7,0,1,1,0,Standard,Pro
FW206,10,2911,291.1,2,1,1.16,0.4444444444444444,0.9702615549982085,0.18892720034268998,0.5,0.0,0.0003983516483516483,0.10545454545454545,2507.3212747631355,0.003434065934065934,1.2904296412985221,1.7013637337865943,0,-0.61375,1.7962500000000001,0,9,0,1,0,0,Standard,Free
YI207,6,2173,362.1666667,3,3,1.3,0.2222222222222222,0.7058402006449301,0.23692473579333692,1.0,1.0,0.0005979760809567618,0.18571428571428572,1670.2536510376635,0.0027598896044158236,1.6235931243361952,0.7684103877459055,0,-0.61375,1.7962500000000001,0,10,0,2,2,0,Premium,Enterprise
OB208,3,2194,731.3333333,3,1,1.32,0.05555555555555555,0.7133643855249014,0.48625527274014246,1.0,0.0,0.000601366742596811,0.33,1660.8629825889477,0.001366742596810934,1.6711879076272915,0.7949578406820227,0,-0.61375,1.7962500000000001,0,10,0,2,0,0,Premium,Free
CM209,12,1660,138.3333333,3,1,1.0,0.5555555555555556,0.5220351128627732,0.08575050948193205,1.0,0.0,0.0006020469596628537,0.07692307692307693,1658.3416583416586,0.007224563515954244,0.9096713749697535,0.1198940374493292,0,-0.61375,1.7962500000000001,0,9,0,2,0,0,Premium,Free
NO210,7,1410,201.4285714,3,3,0.85,0.2777777777777778,0.4324614833393049,0.12836424202486785,1.0,1.0,0.0006024096385542168,0.10625,1656.8742655699177,0.004961020552799433,0.5527105002865327,-0.19614706893301798,0,-0.61375,1.7962500000000001,0,8,0,2,2,0,Premium,Enterprise
OJ211,9,1307,145.2222222,2,2,0.52,0.3888888888888889,0.39555714797563596,0.09040317865226362,0.5,0.5,0.0003975535168195719,0.052000000000000005,2508.637236084453,0.006880733944954129,-0.23260342401655307,-0.326356004762545,0,-0.61375,1.7962500000000001,0,5,0,1,1,0,Standard,Pro
MQ212,15,331,22.06666667,3,2,0.2,0.7222222222222222,0.04586169831601576,0.0072254609263343785,1.0,0.5,0.0006024096385542169,0.0125,1646.7661691542287,0.045180722891566265,-0.9941199566740908,-1.5601804840792284,0,-0.61375,1.7962500000000001,0,2,0,2,1,0,Premium,Pro
VC213,11,1803,163.9090909,3,2,1.08,0.5,0.5732712289501971,0.10302405542246726,1.0,0.5,0.000598669623059867,0.09000000000000001,1667.900092506938,0.006097560975609756,1.100050508134138,0.3006695503000318,0,-0.61375,1.7962500000000001,0,9,0,2,1,0,Premium,Pro
RM214,3,1709,569.6666667,3,2,1.03,0.05555555555555555,0.539591544249373,0.37706763356075446,1.0,0.5,0.0006023391812865497,0.2575,1657.6139670223085,0.0017543859649122807,0.9810635499063978,0.18183809430026923,0,-0.61375,1.7962500000000001,0,9,0,2,1,0,Premium,Pro
TS215,2,2424,1212.0,1,1,0.48,0.0,0.7957721246864923,0.8108915114463762,0.0,0.0,0.0001979381443298969,0.16,5039.5010395010395,0.0008247422680412372,-0.3277929905987454,1.0857156585537822,0,-0.61375,1.7962500000000001,0,5,0,0,0,1,Basic,Free
WR216,15,711,47.4,1,3,0.14,0.7222222222222222,0.18201361519168757,0.024335276555125237,0.0,1.0,0.0001966292134831461,0.00875,5042.553191489361,0.021067415730337078,-1.1369043065473792,-1.0797980023780607,0,-0.61375,1.7962500000000001,0,1,0,0,2,0,Basic,Enterprise
ZS217,15,2814,187.6,3,3,1.69,0.7222222222222222,0.9355069867431028,0.11902459832376115,1.0,1.0,0.0006003552397868561,0.105625,1664.1040804257836,0.0053285968028419185,2.5516913985125695,1.5787397845102438,0,-0.61375,1.7962500000000001,0,10,1,2,2,0,Premium,Enterprise
VB218,13,1861,143.1538462,3,1,1.12,0.6111111111111112,0.5940523109996417,0.08900622344111865,1.0,0.0,0.0006015037593984963,0.08,1660.1248884924175,0.006981740064446832,1.1952400747163305,0.3739910869807363,0,-0.61375,1.7962500000000001,0,9,0,2,0,0,Premium,Free
IV219,17,1166,68.58823529,2,1,0.47,0.8333333333333334,0.3450376209243999,0.03864554495087685,0.5,0.0,0.0004027420736932305,0.02611111111111111,2475.583864118896,0.01456726649528706,-0.35159038224429345,-0.5046031887621888,0,-0.61375,1.7962500000000001,0,5,0,1,0,0,Standard,Free
IM220,19,1002,52.73684211,2,1,0.4,0.9444444444444444,0.2862773199570047,0.027939712787523212,0.5,0.0,0.0003988035892323031,0.02,2498.7531172069826,0.018943170488534396,-0.5181721237631297,-0.7119261545490085,0,-0.61375,1.7962500000000001,0,4,0,1,0,0,Standard,Free
QY221,7,1296,185.1428571,1,1,0.26,0.2777777777777778,0.39161590827660336,0.1173650748238352,0.0,0.0,0.00020046260601387818,0.0325,4965.51724137931,0.005397070161912105,-0.8513356068008026,-0.3402618134433683,0,-0.61375,1.7962500000000001,0,3,0,0,0,0,Basic,Free
VX222,14,2065,147.5,3,2,1.24,0.6666666666666666,0.6671443926907918,0.09194156121304575,1.0,0.5,0.0006001936108422072,0.08266666666666667,1663.9806607574537,0.006776379477250726,1.4808087744629068,0.6318806297887316,0,-0.61375,1.7962500000000001,0,10,0,2,1,0,Premium,Pro
JD223,11,1090,99.09090909,1,2,0.22,0.5,0.3178072375492655,0.059246668305027644,0.0,0.5,0.0002016498625114574,0.018333333333333333,4932.126696832579,0.01008249312557287,-0.9465251733829948,-0.6006796851024223,0,-0.61375,1.7962500000000001,0,2,0,0,1,0,Basic,Pro
WC224,11,698,63.45454545,3,1,0.42,0.5,0.1773557864564672,0.03517831521392866,1.0,0.0,0.0006008583690987124,0.034999999999999996,1657.957244655582,0.015736766809728183,-0.4705773404720337,-1.0962321399099426,0,-0.61375,1.7962500000000001,0,4,0,2,0,0,Premium,Free
TV225,10,2214,221.4,2,3,0.89,0.4444444444444444,0.720530275886779,0.14185269444202003,0.5,1.0,0.0004018058690744921,0.08090909090909092,2484.848484848485,0.004514672686230248,0.6479000668687249,0.8202411291926105,0,-0.61375,1.7962500000000001,0,8,0,1,2,0,Standard,Enterprise
RL226,15,2321,154.7333333,1,1,0.46,0.7222222222222222,0.7588677893228234,0.09682686381150145,0.0,0.0,0.00019810508182601207,0.02875,5034.70715835141,0.006459948320413436,-0.3753877738898414,0.9555067227242551,0,-0.61375,1.7962500000000001,0,5,0,0,0,0,Basic,Free
TE227,19,1518,79.89473684,1,3,0.3,0.9444444444444444,0.4711572912934432,0.046281814304268656,0.0,1.0,0.00019749835418038183,0.015,5043.189368770764,0.012508229098090849,-0.7561460402186103,-0.059617310975844,0,-0.61375,1.7962500000000001,0,3,0,0,2,0,Basic,Enterprise
AD228,3,2990,996.6666667,1,3,0.6,0.05555555555555555,0.9985668219276245,0.6654580786050308,0.0,1.0,0.00020060180541624874,0.15,4975.04159733777,0.0010030090270812437,-0.04222429085216872,1.801232723403416,0,-0.61375,1.7962500000000001,0,6,0,0,2,1,Basic,Enterprise
VO229,10,972,97.2,3,1,0.58,0.4444444444444444,0.2755284844141885,0.05796957201930548,1.0,0.0,0.0005960945529290853,0.05272727272727273,1672.9776247848538,0.010277492291880781,-0.08981907414326487,-0.7498510873148903,0,-0.61375,1.7962500000000001,0,6,0,2,0,0,Premium,Free
FT230,12,2248,187.3333333,1,3,0.45,0.5555555555555556,0.7327122895019706,0.11884449497881622,0.0,1.0,0.00020008892841262785,0.03461538461538462,4984.4789356984475,0.005335704757670075,-0.39918516553538946,0.8632227196606097,0,-0.61375,1.7962500000000001,0,5,0,0,2,0,Basic,Enterprise
NK231,14,1311,93.64285714,2,3,0.52,0.6666666666666666,0.3969903260480115,0.05556712234136293,0.5,1.0,0.0003963414634146342,0.034666666666666665,2516.314779270633,0.010670731707317074,-0.23260342401655307,-0.32129934706042745,0,-0.61375,1.7962500000000001,0,5,0,1,2,0,Standard,Enterprise
KN232,9,2529,281.0,3,2,1.52,0.3888888888888889,0.8333930490863489,0.1821057870055771,1.0,0.5,0.0006007905138339921,0.152,1662.7218934911243,0.0035573122529644267,2.1471357405382525,1.218452923234368,0,-0.61375,1.7962500000000001,0,10,1,2,1,0,Premium,Pro
RY233,12,1810,150.8333333,1,3,0.36,0.5555555555555556,0.5757792905768542,0.09419285272093311,0.0,1.0,0.0001987852015461071,0.02769230769230769,5013.850415512466,0.006626173384870237,-0.6133616903453221,0.3095187012787375,0,-0.61375,1.7962500000000001,0,4,0,0,2,0,Basic,Enterprise
EN234,9,2836,315.1111111,1,1,0.57,0.3888888888888889,0.943389466141168,0.20514400365916904,0.0,0.0,0.00020091646105040533,0.056999999999999995,4966.725043782838,0.003172365174480085,-0.11361646578881295,1.6065514018718903,0,-0.61375,1.7962500000000001,0,6,0,0,0,0,Basic,Free
CW235,11,1176,106.9090909,3,3,0.71,0.5,0.3486205661053386,0.06452697025262241,1.0,1.0,0.0006032285471537808,0.059166666666666666,1654.0084388185655,0.009345794392523364,0.21954701724885986,-0.49196154450689494,0,-0.61375,1.7962500000000001,0,7,0,2,2,0,Premium,Enterprise
NR236,4,826,206.5,3,1,0.5,0.1111111111111111,0.223217484772483,0.13178942130113078,1.0,0.0,0.0006045949214026602,0.1,1648.7025948103792,0.0048367593712212815,-0.2801982073076492,-0.934419093442181,0,-0.61375,1.7962500000000001,0,5,0,2,0,0,Premium,Free
QS237,7,1978,282.5714286,3,2,1.19,0.2777777777777778,0.6359727696166249,0.18316711017491974,1.0,0.5,0.0006013137948458817,0.14875,1660.7892527287995,0.0035371399696816574,1.3618218162351665,0.5218983247676747,0,-0.61375,1.7962500000000001,0,10,0,2,1,0,Premium,Pro
SH238,15,2452,163.4666667,1,3,0.49,0.7222222222222222,0.8058043711931208,0.10272524766617602,0.0,1.0,0.00019975540154912352,0.030625,4993.890020366599,0.006114961271911945,-0.3039955989531973,1.121112262468605,0,-0.61375,1.7962500000000001,0,5,0,0,2,0,Basic,Enterprise
XL239,9,1800,200.0,3,1,1.08,0.3888888888888889,0.5721963453959155,0.12739940281685022,1.0,0.0,0.0005996668517490284,0.10800000000000001,1665.1248843663275,0.004997223764575236,1.100050508134138,0.2968770570234436,0,-0.61375,1.7962500000000001,0,9,0,2,0,0,Premium,Free
GH240,6,1968,328.0,1,3,0.39,0.2222222222222222,0.6323898244356861,0.2138489975842211,0.0,1.0,0.00019807008633824277,0.055714285714285716,5033.248081841432,0.0030472320975114273,-0.5419695154086778,0.5092566805123809,0,-0.61375,1.7962500000000001,0,4,0,0,2,0,Basic,Enterprise
WI241,3,2094,698.0,2,1,0.84,0.05555555555555555,0.6775349337155141,0.4637423574586525,0.5,0.0,0.0004009546539379475,0.21,2489.8929845422117,0.001431980906921241,0.5289131086409846,0.6685413981290839,0,-0.61375,1.7962500000000001,0,8,0,1,0,0,Standard,Free
NF242,4,2773,693.25,3,1,1.66,0.1111111111111111,0.920816911501254,0.4605342670278321,1.0,0.0,0.0005984138428262437,0.33199999999999996,1669.4762191450934,0.0014419610670511895,2.4802992235759245,1.5269090430635388,0,-0.61375,1.7962500000000001,0,10,1,2,0,1,Premium,Free
AX243,11,2134,194.0,2,3,0.85,0.5,0.6918667144392691,0.1233470780621297,0.5,1.0,0.0003981264637002342,0.07083333333333333,2507.638072855464,0.005152224824355972,0.5527105002865327,0.7191079751502594,0,-0.61375,1.7962500000000001,0,8,0,1,2,0,Standard,Enterprise
MU244,4,2239,559.75,3,3,1.34,0.1111111111111111,0.7294876388391257,0.37037004123530076,1.0,1.0,0.0005982142857142858,0.268,1669.6495152870991,0.0017857142857142857,1.7187826909183876,0.8518452398308453,0,-0.61375,1.7962500000000001,0,10,0,2,2,0,Premium,Enterprise
HA245,16,942,58.875,1,3,0.19,0.7777777777777778,0.2647796488713723,0.03208534764852822,0.0,1.0,0.0002014846235418876,0.011176470588235295,4931.937172774869,0.016967126193001062,-1.0179173483196389,-0.7877760200807719,0,-0.61375,1.7962500000000001,0,2,0,0,2,0,Basic,Enterprise
XM246,13,2215,170.3846154,3,3,1.33,0.6111111111111112,0.7208885704048728,0.10739754346099212,1.0,1.0,0.0006001805054151625,0.095,1664.1622839969948,0.0058664259927797835,1.6949852992728396,0.8215052936181398,0,-0.61375,1.7962500000000001,0,10,0,2,2,0,Premium,Enterprise
DO247,9,1596,177.3333333,1,1,0.32,0.3888888888888889,0.4991042637047653,0.11209062038761537,0.0,0.0,0.00020037570444583595,0.032,4971.9626168224295,0.005635566687539136,-0.7085512569275142,0.03898751421544831,0,-0.61375,1.7962500000000001,0,3,0,0,0,0,Basic,Free
YM248,3,2031,677.0,1,1,0.41,0.05555555555555555,0.6549623790756002,0.44955922081713073,0.0,0.0,0.00020177165354330707,0.1025,4941.605839416059,0.0014763779527559055,-0.49437473211758176,0.5888990393207324,0,-0.61375,1.7962500000000001,0,4,0,0,0,0,Basic,Free
KH249,5,1079,215.8,1,1,0.22,0.16666666666666666,0.3138659978502329,0.13807052467094758,0.0,0.0,0.00020370370370370372,0.03666666666666667,4882.35294117647,0.004629629629629629,-0.9465251733829948,-0.6145854937832457,0,-0.61375,1.7962500000000001,0,2,0,0,0,0,Basic,Free
PG250,5,378,75.6,2,2,0.15,0.16666666666666666,0.0627015406664278,0.043381202902311636,0.5,0.5,0.00039577836411609497,0.024999999999999998,2503.311258278146,0.013192612137203167,-1.1131069149018311,-1.5007647560793471,0,-0.61375,1.7962500000000001,0,2,0,1,1,0,Standard,Pro
HO251,15,1776,118.4,3,2,1.07,0.7222222222222222,0.5635972769616625,0.07228778615265129,1.0,0.5,0.00060213843556556,0.066875,1658.2633053221289,0.008441193021947102,1.07625311648859,0.2665371108107383,0,-0.61375,1.7962500000000001,0,9,0,2,1,0,Premium,Pro
JN252,11,612,55.63636364,1,2,0.12,0.5,0.14654245790039414,0.029898013266333894,0.0,0.5,0.00019575856443719412,0.01,5057.851239669421,0.01794453507340946,-1.1844990898384753,-1.2049502805054702,0,-0.61375,1.7962500000000001,0,1,0,0,1,0,Basic,Pro
MI253,12,1445,120.4166667,1,1,0.29,0.5555555555555556,0.44500179147259045,0.07364981755105636,0.0,0.0,0.00020055325034578145,0.022307692307692306,4965.6357388316155,0.008298755186721992,-0.7799434318641584,-0.15190131403948937,0,-0.61375,1.7962500000000001,0,3,0,0,0,0,Basic,Free
YG254,15,1872,124.8,2,3,0.75,0.7222222222222222,0.5979935506986743,0.07661026589101982,0.5,1.0,0.000400427122263748,0.046875,2492.676431424767,0.00800854244527496,0.31473658383105213,0.3878968956615596,0,-0.61375,1.7962500000000001,0,7,0,1,2,0,Standard,Enterprise
YR255,2,1444,722.0,2,3,0.58,0.0,0.4446434969544966,0.47995165647753457,0.5,1.0,0.0004013840830449827,0.19333333333333333,2485.370051635112,0.001384083044982699,-0.08981907414326487,-0.15316547846501877,0,-0.61375,1.7962500000000001,0,6,0,1,2,0,Standard,Enterprise
VK256,13,2547,195.9230769,2,1,1.02,0.6111111111111112,0.8398423504120387,0.12464590008331325,0.5,0.0,0.00040031397174254316,0.07285714285714286,2494.6131243878554,0.00510204081632653,0.9572661582608497,1.2412078828938968,0,-0.61375,1.7962500000000001,0,9,0,1,0,0,Standard,Free
JP257,2,470,235.0,2,2,0.19,0.0,0.09566463633106413,0.1510379638860532,0.5,0.5,0.0004033970276008493,0.06333333333333334,2460.7329842931936,0.004246284501061571,-1.0179173483196389,-1.3844616289306433,0,-0.61375,1.7962500000000001,0,2,0,1,1,0,Standard,Pro
YP258,10,844,84.4,1,1,0.17,0.4444444444444444,0.2296667860981727,0.04932461254256839,0.0,0.0,0.00020118343195266273,0.015454545454545455,4935.672514619882,0.011834319526627219,-1.065512131610735,-0.911664133782652,0,-0.61375,1.7962500000000001,0,2,0,0,0,0,Basic,Free
FB259,12,2846,237.1666667,1,1,0.57,0.5555555555555556,0.9469724113221067,0.1525013034033263,0.0,0.0,0.00020021074815595362,0.04384615384615384,4984.238178633976,0.004214963119072708,-0.11361646578881295,1.6191930461271842,0,-0.61375,1.7962500000000001,0,6,0,0,0,0,Basic,Free
ZP260,14,2526,180.4285714,1,1,0.51,0.6666666666666666,0.8323181655320674,0.11418110538334605,0.0,0.0,0.00020182034032449546,0.034,4943.248532289628,0.00554016620498615,-0.25640081566210116,1.2146604299577797,0,-0.61375,1.7962500000000001,0,5,0,0,0,0,Basic,Free
DT261,20,1380,69.0,3,1,0.83,1.0,0.4217126477964887,0.038923645672119075,1.0,0.0,0.0006010137581462708,0.039523809523809524,1660.649819494585,0.01448225923244026,0.5051157169954364,-0.23407200169889963,0,-0.61375,1.7962500000000001,0,8,0,2,0,0,Premium,Free
IU262,5,1736,347.2,1,2,0.35,0.16666666666666666,0.5492654962379075,0.22681643679932673,0.0,0.5,0.00020149683362118595,0.05833333333333333,4945.868945868946,0.0028785261945883708,-0.6371590819908701,0.2159705337895627,0,-0.61375,1.7962500000000001,0,4,0,0,1,0,Basic,Pro
IX263,2,2267,1133.5,3,1,1.36,0.0,0.7395198853457542,0.7578735959054496,1.0,0.0,0.0005996472663139331,0.45333333333333337,1665.686994856723,0.0008818342151675485,1.7663774742094838,0.8872418437456681,0,-0.61375,1.7962500000000001,0,10,0,2,0,1,Premium,Free
MP264,10,523,52.3,1,3,0.1,0.4444444444444444,0.11465424579003941,0.027644675104813655,0.0,1.0,0.00019083969465648855,0.009090909090909092,5178.217821782177,0.019083969465648856,-1.2320938731295714,-1.3174609143775857,0,-0.61375,1.7962500000000001,0,1,0,0,2,0,Basic,Enterprise
LX265,10,1426,142.6,2,2,0.57,0.4444444444444444,0.4381941956288069,0.08863216266335733,0.5,0.5,0.0003994393833216538,0.05181818181818181,2497.3730297723296,0.00700770847932726,-0.11361646578881295,-0.17592043812454775,0,-0.61375,1.7962500000000001,0,6,0,1,1,0,Standard,Pro
DE266,5,1714,342.8,2,1,0.69,0.16666666666666666,0.5413830168398424,0.22384473197919835,0.5,0.0,0.00040233236151603497,0.11499999999999999,2480.4630969609266,0.0029154518950437317,0.1719522339577637,0.18815891642791618,0,-0.61375,1.7962500000000001,0,7,0,1,0,0,Standard,Free
AL267,13,2805,215.7692308,3,3,1.68,0.6111111111111112,0.932282336080258,0.1380497435391404,1.0,1.0,0.0005987170349251603,0.12,1668.6496133254018,0.004632929436920884,2.527894006867021,1.5673623046804792,0,-0.61375,1.7962500000000001,0,10,1,2,2,0,Premium,Enterprise
HJ268,17,991,58.29411765,1,3,0.2,0.8333333333333334,0.2823360802579721,0.031693026994114006,0.0,1.0,0.00020161290322580645,0.011111111111111112,4930.348258706467,0.017137096774193547,-0.9941199566740908,-0.7258319632298318,0,-0.61375,1.7962500000000001,0,2,0,0,2,0,Basic,Enterprise
TJ269,16,613,38.3125,1,1,0.12,0.7777777777777778,0.146900752418488,0.018197693020371466,0.0,0.0,0.00019543973941368078,0.007058823529411764,5066.115702479339,0.026058631921824105,-1.1844990898384753,-1.2036861160799408,0,-0.61375,1.7962500000000001,0,1,0,0,0,0,Basic,Free
MF270,17,1825,107.3529412,1,2,0.37,0.8333333333333334,0.5811537083482623,0.06482674117896911,0.0,0.5,0.00020262869660460023,0.020555555555555556,4919.1374663072775,0.009309967141292442,-0.5895642986997739,0.32848116766167834,0,-0.61375,1.7962500000000001,0,4,0,0,1,0,Basic,Pro
AJ271,9,1867,207.4444444,3,3,1.12,0.3888888888888889,0.5962020781082049,0.13242728720472696,1.0,1.0,0.0005995717344753747,0.11200000000000002,1665.4772524531668,0.004817987152034261,1.1952400747163305,0.38157607353391265,0,-0.61375,1.7962500000000001,0,9,0,2,2,0,Premium,Enterprise
AA272,18,1489,82.72222222,2,3,0.6,0.8888888888888888,0.4607667502687209,0.048191462470766055,0.5,1.0,0.00040268456375838925,0.031578947368421054,2477.5374376039936,0.012080536912751677,-0.04222429085216872,-0.09627807931619628,0,-0.61375,1.7962500000000001,0,6,0,1,2,0,Standard,Enterprise
KZ273,20,1066,53.3,3,3,0.64,1.0,0.30920816911501253,0.02832006256393374,1.0,1.0,0.0005998125585754451,0.030476190476190476,1663.0265210608425,0.01874414245548266,0.05296527573002358,-0.6310196313151277,0,-0.61375,1.7962500000000001,0,7,0,2,2,0,Premium,Enterprise
MC274,10,806,80.6,2,1,0.32,0.4444444444444444,0.2160515944106055,0.046758140197912065,0.5,0.0,0.00039653035935563816,0.02909090909090909,2510.903426791277,0.012391573729863693,-0.7085512569275142,-0.9597023819527687,0,-0.61375,1.7962500000000001,0,3,0,1,0,0,Standard,Free
AD275,13,440,33.84615385,2,1,0.18,0.6111111111111112,0.08491580078824794,0.015181178842572193,0.5,0.0,0.0004081632653061224,0.012857142857142857,2430.939226519337,0.02947845804988662,-1.041714739965187,-1.422386561696525,0,-0.61375,1.7962500000000001,0,2,0,1,0,0,Standard,Free
VC276,3,1330,443.3333333,3,2,0.8,0.05555555555555555,0.40379792189179503,0.291743684513558,1.0,0.5,0.0006010518407212623,0.2,1660.4244694132333,0.002253944402704733,0.43372354205879254,-0.29728022297536905,0,-0.61375,1.7962500000000001,0,7,0,2,1,0,Premium,Pro
ID277,12,1186,98.83333333,1,3,0.24,0.5555555555555556,0.3522035112862773,0.05907270486695033,0.0,1.0,0.00020219039595619208,0.01846153846153846,4921.161825726142,0.010109519797809604,-0.8989303900918987,-0.47931990025160104,0,-0.61375,1.7962500000000001,0,2,0,0,2,0,Basic,Enterprise
UW278,14,2853,203.7857143,2,1,1.14,0.6666666666666666,0.9494804729487639,0.12995622677888177,0.5,0.0,0.0003994393833216538,0.076,2500.4382120946543,0.004905395935529082,1.242834858007426,1.6280421971058898,0,-0.61375,1.7962500000000001,0,9,0,1,0,0,Standard,Free
TA279,6,2914,485.6666667,2,3,1.17,0.2222222222222222,0.9713364385524902,0.3203350869946674,0.5,1.0,0.0004013722126929674,0.16714285714285712,2488.4713919726732,0.002058319039451115,1.3142270329440704,1.7051562270631826,0,-0.61375,1.7962500000000001,0,9,0,1,2,0,Standard,Enterprise
RI280,7,711,101.5714286,1,3,0.14,0.2777777777777778,0.18201361519168757,0.060921980074184354,0.0,1.0,0.0001966292134831461,0.0175,5042.553191489361,0.009831460674157303,-1.1369043065473792,-1.0797980023780607,0,-0.61375,1.7962500000000001,0,1,0,0,2,0,Basic,Enterprise
YN281,3,1523,507.6666667,3,3,0.91,0.05555555555555555,0.47294876388391255,0.33519361109530926,1.0,1.0,0.0005971128608923884,0.2275,1671.7892425905598,0.001968503937007874,0.6954948501598212,-0.05329648884819706,0,-0.61375,1.7962500000000001,0,8,0,2,2,0,Premium,Enterprise
SY282,3,2519,839.6666667,3,2,1.51,0.05555555555555555,0.8298101039054102,0.5594222475231775,1.0,0.5,0.0005992063492063492,0.3775,1667.1078755790868,0.0011904761904761906,2.1233383488927045,1.205811278979074,0,-0.61375,1.7962500000000001,0,10,1,2,1,1,Premium,Pro
UL283,14,2367,169.0714286,1,1,0.47,0.6666666666666666,0.7753493371551415,0.10651063356479008,0.0,0.0,0.0001984797297297297,0.03133333333333333,5025.47770700637,0.0059121621621621625,-0.35159038224429345,1.013658286298607,0,-0.61375,1.7962500000000001,0,5,0,0,0,0,Basic,Free
JX284,11,2919,265.3636364,1,3,0.58,0.5,0.9731279111429595,0.17154518312389533,0.0,1.0,0.00019863013698630136,0.04833333333333333,5024.096385542169,0.003767123287671233,-0.08981907414326487,1.7114770491908295,0,-0.61375,1.7962500000000001,0,6,0,0,2,0,Basic,Enterprise
JV285,11,1050,95.45454545,2,1,0.42,0.5,0.3034754568255106,0.05679071390577138,0.5,0.0,0.0003996194100856327,0.034999999999999996,2494.061757719715,0.010466222645099905,-0.4705773404720337,-0.6512462621235979,0,-0.61375,1.7962500000000001,0,4,0,1,0,0,Standard,Free
IO286,20,1474,73.7,1,3,0.29,1.0,0.4553923324973128,0.04209796672998348,0.0,1.0,0.00019661016949152542,0.013809523809523808,5065.292096219931,0.013559322033898305,-0.7799434318641584,-0.11524054569913711,0,-0.61375,1.7962500000000001,0,3,0,0,2,0,Basic,Enterprise
AS287,4,1154,288.5,3,1,0.69,0.1111111111111111,0.3407380867072734,0.18717119294897774,1.0,0.0,0.0005974025974025974,0.13799999999999998,1670.043415340087,0.003463203463203463,0.1719522339577637,-0.5197731618685415,0,-0.61375,1.7962500000000001,0,7,0,2,0,0,Premium,Free
PV288,14,265,18.92857143,3,3,0.16,0.6666666666666666,0.022214260121820137,0.005106030755713946,1.0,1.0,0.0006015037593984962,0.010666666666666666,1645.9627329192547,0.05263157894736842,-1.089309523256283,-1.6436153361641679,0,-0.61375,1.7962500000000001,0,2,0,2,2,0,Premium,Enterprise
XD289,19,2078,109.3684211,2,2,0.83,0.9444444444444444,0.6718022214260122,0.0661879710275377,0.5,0.5,0.0003992303992303992,0.041499999999999995,2500.601684717208,0.00913900913900914,0.5051157169954364,0.6483147673206137,0,-0.61375,1.7962500000000001,0,8,0,1,1,0,Standard,Pro
GZ290,12,1857,154.75,2,3,0.74,0.5555555555555556,0.5926191329272662,0.09683812029166637,0.5,1.0,0.00039827771797631864,0.05692307692307692,2506.072874493927,0.006458557588805167,0.29093919218550407,0.36893442927861875,0,-0.61375,1.7962500000000001,0,7,0,1,2,0,Standard,Enterprise
XG291,19,1469,77.31578947,1,2,0.29,0.9444444444444444,0.4536008599068434,0.044540025592839934,0.0,0.5,0.00019727891156462584,0.014499999999999999,5048.109965635739,0.01292517006802721,-0.7799434318641584,-0.12156136782678405,0,-0.61375,1.7962500000000001,0,3,0,0,1,0,Basic,Pro
BX292,15,352,23.46666667,2,3,0.14,0.7222222222222222,0.053385883195987104,0.008171003369102496,0.5,1.0,0.000396600566572238,0.00875,2496.4539007092194,0.042492917847025496,-1.1369043065473792,-1.5336330311431112,0,-0.61375,1.7962500000000001,0,1,0,1,2,0,Standard,Enterprise
AC293,6,2604,434.0,1,1,0.52,0.2222222222222222,0.8602651379433894,0.2854400682509501,0.0,0.0,0.000199616122840691,0.07428571428571429,4998.080614203454,0.0023032629558541267,-0.23260342401655307,1.313265255149072,0,-0.61375,1.7962500000000001,0,5,0,0,0,0,Basic,Free
RX294,9,1524,169.3333333,3,3,0.91,0.3888888888888889,0.47330705840200643,0.10668752071465469,1.0,1.0,0.0005967213114754098,0.091,1672.886937431394,0.005901639344262295,0.6954948501598212,-0.05203232442266767,0,-0.61375,1.7962500000000001,0,8,0,2,2,0,Premium,Enterprise
MT295,15,1915,127.6666667,2,1,0.77,0.7222222222222222,0.6134002149767108,0.07854637662967698,0.5,0.0,0.00040187891440501047,0.048125,2483.78728923476,0.007828810020876827,0.3623313671221483,0.4422559659593233,0,-0.61375,1.7962500000000001,0,7,0,1,0,0,Standard,Free
RB296,4,2641,660.25,2,1,1.06,0.1111111111111111,0.8735220351128627,0.4382464808768693,0.5,0.0,0.0004012112036336109,0.21200000000000002,2489.1611687087657,0.001514004542013626,1.052455724843042,1.3600393388936594,0,-0.61375,1.7962500000000001,0,9,0,1,0,0,Standard,Free
MX297,18,1588,88.22222222,1,1,0.32,0.8888888888888888,0.49623790756001435,0.05190609349592652,0.0,0.0,0.0002013845185651353,0.016842105263157894,4947.040498442368,0.011327879169288861,-0.7085512569275142,0.028874198811213204,0,-0.61375,1.7962500000000001,0,3,0,0,0,0,Basic,Free
SZ298,2,1870,935.0,1,2,0.37,0.0,0.5972769616624866,0.6238091852701126,0.0,0.5,0.0001977552111170497,0.12333333333333334,5040.431266846361,0.0010689470871191875,-0.5895642986997739,0.3853685668105008,0,-0.61375,1.7962500000000001,0,4,0,0,1,1,Basic,Pro
UH299,11,932,84.72727273,1,3,0.19,0.5,0.2611967036904335,0.04954564844012238,0.0,1.0,0.00020364415862808146,0.015833333333333335,4879.581151832461,0.011789924973204717,-1.0179173483196389,-0.8004176643360658,0,-0.61375,1.7962500000000001,0,2,0,0,2,0,Basic,Enterprise
WM300,5,1050,210.0,1,1,0.21,0.16666666666666666,0.3034754568255106,0.13415327740805105,0.0,0.0,0.00019980970504281635,0.034999999999999996,4976.303317535545,0.004757373929590866,-0.9703225650285429,-0.6512462621235979,0,-0.61375,1.7962500000000001,0,2,0,0,0,0,Basic,Free
WN301,5,1999,399.8,1,2,0.4,0.16666666666666666,0.6434969544965962,0.2623418171490432,0.0,0.5,0.0002,0.06666666666666667,4985.037406483791,0.0025,-0.5181721237631297,0.548445777703792,0,-0.61375,1.7962500000000001,0,4,0,0,1,0,Basic,Pro
YW302,7,2032,290.2857143,2,2,0.81,0.2777777777777778,0.6553206735936941,0.18837724199276915,0.5,0.5,0.00039842597147073295,0.10125,2505.548705302096,0.003443187407771766,0.4575209337043406,0.5901632037462617,0,-0.61375,1.7962500000000001,0,7,0,1,1,0,Standard,Pro
XB303,14,1621,115.7857143,2,1,0.65,0.6666666666666666,0.5080616266571122,0.0705221303763143,0.5,0.0,0.0004007398273736128,0.043333333333333335,2490.0153609831027,0.008631319358816275,0.07676266737557166,0.07059162485368303,0,-0.61375,1.7962500000000001,0,7,0,1,0,0,Standard,Free
SH304,18,681,37.83333333,3,2,0.41,0.8888888888888888,0.17126477964887138,0.017874069860625137,1.0,0.5,0.0006011730205278592,0.02157894736842105,1656.934306569343,0.026392961876832845,-0.49437473211758176,-1.1177229351439424,0,-0.61375,1.7962500000000001,0,4,0,2,1,0,Premium,Pro
QV305,16,2745,171.5625,1,2,0.55,0.7777777777777778,0.9107846649946256,0.1081930719481228,0.0,0.5,0.0002002913328477786,0.03235294117647059,4981.851179673321,0.005826656955571741,-0.16121124907990883,1.4915124391487158,0,-0.61375,1.7962500000000001,0,6,0,0,1,0,Basic,Pro
OK306,19,435,22.89473684,2,3,0.17,0.9444444444444444,0.08312432819777857,0.007784729134423816,0.5,1.0,0.000389908256880734,0.0085,2543.859649122807,0.04357798165137615,-1.065512131610735,-1.428707383824172,0,-0.61375,1.7962500000000001,0,2,0,1,2,0,Standard,Enterprise
FV307,16,1324,82.75,1,1,0.26,0.7777777777777778,0.4016481547832318,0.04821022323502025,0.0,0.0,0.00019622641509433963,0.015294117647058824,5072.7969348659,0.012075471698113207,-0.8513356068008026,-0.3048652095285454,0,-0.61375,1.7962500000000001,0,3,0,0,0,0,Basic,Free
VG308,7,1043,149.0,3,2,0.63,0.2777777777777778,0.30096739519885346,0.09295464240172588,1.0,0.5,0.000603448275862069,0.07875,1652.9318541996831,0.006704980842911878,0.029167884084475508,-0.6600954131023036,0,-0.61375,1.7962500000000001,0,7,0,2,1,0,Premium,Pro
BV309,16,1506,94.125,1,1,0.3,0.7777777777777778,0.4668577570763167,0.055892755582511215,0.0,0.0,0.00019907100199071002,0.01764705882352941,5003.322259136213,0.010617120106171201,-0.7561460402186103,-0.07478728408219666,0,-0.61375,1.7962500000000001,0,3,0,0,0,0,Basic,Free
RI310,5,1949,389.8,3,1,1.17,0.16666666666666666,0.6255822285919025,0.25558794255784234,1.0,0.0,0.0006,0.19499999999999998,1664.3894107600345,0.002564102564102564,1.3142270329440704,0.4852375564273225,0,-0.61375,1.7962500000000001,0,9,0,2,0,0,Premium,Free
UF311,20,592,29.6,2,1,0.24,1.0,0.13937656753851665,0.012313379782787726,0.5,0.0,0.0004047217537942664,0.011428571428571429,2456.4315352697095,0.03372681281618887,-0.8989303900918987,-1.230233569016058,0,-0.61375,1.7962500000000001,0,2,0,1,0,0,Standard,Free
NT312,10,1133,113.3,1,1,0.23,0.4444444444444444,0.33321390182730204,0.06884331011113884,0.0,0.0,0.00020282186948853616,0.02090909090909091,4904.761904761905,0.008818342151675485,-0.9227277817374467,-0.5463206148046587,0,-0.61375,1.7962500000000001,0,2,0,0,0,0,Basic,Free
DY313,13,1981,152.3846154,1,3,0.4,0.6111111111111112,0.6370476531709065,0.09524056919683059,0.0,1.0,0.00020181634712411706,0.028571428571428574,4940.149625935162,0.006559031281533804,-0.5181721237631297,0.525690818044263,0,-0.61375,1.7962500000000001,0,4,0,0,2,0,Basic,Enterprise
GU314,13,667,51.30769231,1,1,0.13,0.6111111111111112,0.16624865639555714,0.026974482935399235,0.0,0.0,0.00019461077844311377,0.009285714285714286,5091.603053435114,0.019461077844311378,-1.1607016981929272,-1.1354212371013537,0,-0.61375,1.7962500000000001,0,1,0,0,0,0,Basic,Free
XR315,2,544,272.0,2,2,0.22,0.0,0.12217843067001075,0.17602729987349633,0.5,0.5,0.0004036697247706422,0.07333333333333333,2461.5384615384614,0.003669724770642202,-0.9465251733829948,-1.2909134614414686,0,-0.61375,1.7962500000000001,0,2,0,1,1,0,Standard,Pro
BF316,14,1380,98.57142857,2,3,0.55,0.6666666666666666,0.4217126477964887,0.05889581767656246,0.5,1.0,0.0003982621288921072,0.03666666666666667,2504.5372050816695,0.010137581462708182,-0.16121124907990883,-0.23407200169889963,0,-0.61375,1.7962500000000001,0,6,0,1,2,0,Standard,Enterprise
CC317,7,1086,155.1428571,3,3,0.65,0.2777777777777778,0.31637405947689,0.09710345105023264,1.0,1.0,0.0005979760809567618,0.08125,1668.2027649769584,0.006439742410303588,0.07676266737557166,-0.6057363428045399,0,-0.61375,1.7962500000000001,0,7,0,2,2,0,Premium,Enterprise
UZ318,13,575,44.23076923,1,1,0.12,0.6111111111111112,0.13328556073092082,0.022194817838009747,0.0,0.0,0.00020833333333333332,0.008571428571428572,4752.06611570248,0.022569444444444444,-1.1844990898384753,-1.2517243642500575,0,-0.61375,1.7962500000000001,0,1,0,0,0,0,Basic,Free
OZ319,16,2073,129.5625,2,2,0.83,0.7777777777777778,0.6700107488355428,0.07982679866507923,0.5,0.5,0.0004001928640308582,0.0488235294117647,2494.5848375451264,0.007714561234329798,0.5051157169954364,0.6419939451929667,0,-0.61375,1.7962500000000001,0,8,0,1,1,0,Standard,Pro
KK320,2,2191,1095.5,1,1,0.44,0.0,0.7122895019706198,0.7322088724588863,0.0,0.0,0.00020072992700729926,0.14666666666666667,4968.253968253968,0.0009124087591240876,-0.4229825571809375,0.7911653474054345,0,-0.61375,1.7962500000000001,0,5,0,0,0,1,Basic,Free
EQ321,16,2742,171.375,1,3,0.55,0.7777777777777778,0.909709781440344,0.10806643679953779,0.0,1.0,0.00020051039008384981,0.03235294117647059,4976.406533575318,0.005833029529711994,-0.16121124907990883,1.4877199458721277,0,-0.61375,1.7962500000000001,0,6,0,0,2,0,Basic,Enterprise
KU322,5,1905,381.0,2,1,0.76,0.16666666666666666,0.6098172697957721,0.2496445329175856,0.5,0.0,0.0003987408184679958,0.12666666666666668,2503.2851511169515,0.0026232948583420775,0.33853397547660025,0.4296143217040294,0,-0.61375,1.7962500000000001,0,7,0,1,0,0,Standard,Free
QS323,10,1132,113.2,1,2,0.23,0.4444444444444444,0.33285560730920816,0.06877577136522683,0.0,0.5,0.0002030008826125331,0.02090909090909091,4900.4329004329,0.0088261253309797,-0.9227277817374467,-0.547584779230188,0,-0.61375,1.7962500000000001,0,2,0,0,1,0,Basic,Pro
SX324,15,2687,179.1333333,1,1,0.54,0.7222222222222222,0.8900035829451809,0.11330631781403153,0.0,0.0,0.00020089285714285717,0.03375,4966.7282809611825,0.005580357142857143,-0.18500864072545692,1.4181909024680113,0,-0.61375,1.7962500000000001,0,6,0,0,0,0,Basic,Free
TA325,12,1675,139.5833333,2,1,0.67,0.5555555555555556,0.5274095306341813,0.08659474380583215,0.5,0.0,0.00039976133651551315,0.05153846153846154,2496.274217585693,0.007159904534606206,0.12435745066666781,0.13885650383227002,0,-0.61375,1.7962500000000001,0,7,0,1,0,0,Standard,Free
QD326,16,1416,88.5,3,2,0.85,0.7777777777777778,0.43461125044786814,0.052093701124960735,1.0,0.5,0.0005998588567395907,0.049999999999999996,1663.924794359577,0.011291460832745237,0.5527105002865327,-0.18856208237984165,0,-0.61375,1.7962500000000001,0,8,0,2,1,0,Premium,Pro
ET327,11,717,65.18181818,3,2,0.43,0.5,0.1841633823002508,0.036344893554250766,1.0,0.5,0.0005988857938718663,0.035833333333333335,1663.5730858468678,0.01532033426183844,-0.44677994882648564,-1.0722130158248844,0,-0.61375,1.7962500000000001,0,4,0,2,1,0,Premium,Pro
OY328,9,2928,325.3333333,3,3,1.76,0.3888888888888889,0.9763525618058043,0.21204796433738796,1.0,1.0,0.000600887674974394,0.176,1662.6916524701876,0.0030727210652099694,2.7182731400314055,1.722854529020594,0,-0.61375,1.7962500000000001,0,10,1,2,2,0,Premium,Enterprise
WJ329,11,954,86.72727273,2,3,0.38,0.5,0.26907918308849876,0.05089642335836255,0.5,1.0,0.00039790575916230365,0.03166666666666667,2503.9370078740158,0.011518324607329843,-0.5657669070542258,-0.7726060469744193,0,-0.61375,1.7962500000000001,0,4,0,1,2,0,Standard,Enterprise
KI330,20,1733,86.65,1,3,0.35,1.0,0.5481906126836259,0.050844234325588586,0.0,1.0,0.00020184544405997692,0.016666666666666666,4937.321937321937,0.011534025374855825,-0.6371590819908701,0.21217804051297456,0,-0.61375,1.7962500000000001,0,4,0,0,2,0,Basic,Enterprise
MB331,7,537,76.71428571,1,2,0.11,0.2777777777777778,0.11967036904335364,0.04413377749672236,0.0,0.5,0.00020446096654275092,0.01375,4837.8378378378375,0.013011152416356878,-1.2082964814840234,-1.2997626124201742,0,-0.61375,1.7962500000000001,0,1,0,0,1,0,Basic,Pro
FQ332,16,2918,182.375,3,1,1.75,0.7777777777777778,0.9727696166248656,0.11549569884985872,1.0,0.0,0.0005995203836930455,0.10294117647058823,1666.4762992575672,0.005481329222336417,2.694475748385858,1.7102128847653002,0,-0.61375,1.7962500000000001,0,10,1,2,0,0,Premium,Free
YI333,5,2919,583.8,1,3,0.58,0.16666666666666666,0.9731279111429595,0.3866131096271388,0.0,1.0,0.00019863013698630136,0.09666666666666666,5024.096385542169,0.0017123287671232876,-0.08981907414326487,1.7114770491908295,0,-0.61375,1.7962500000000001,0,6,0,0,2,0,Basic,Enterprise
DT334,8,2674,334.25,2,3,1.07,0.3333333333333333,0.8853457542099605,0.21807016920372163,0.5,1.0,0.0004,0.11888888888888889,2496.732026143791,0.0029906542056074765,1.07625311648859,1.4017567649361293,0,-0.61375,1.7962500000000001,0,9,0,1,2,0,Standard,Enterprise
TL335,17,918,54.0,2,1,0.37,0.8333333333333334,0.25618058043711933,0.0287928337853178,0.5,0.0,0.0004026115342763874,0.020555555555555556,2474.3935309973044,0.018498367791077257,-0.5895642986997739,-0.8181159662934772,0,-0.61375,1.7962500000000001,0,4,0,1,0,0,Standard,Free
AV336,20,2802,140.1,1,3,0.56,1.0,0.9312074525259764,0.08694369401555711,0.0,1.0,0.00019978594363182306,0.02666666666666667,4994.652406417112,0.007135212272565109,-0.13741385743436077,1.563569811403891,0,-0.61375,1.7962500000000001,0,6,0,0,2,0,Basic,Enterprise
KM337,8,1419,177.375,2,3,0.57,0.3333333333333333,0.4356861340021498,0.11211876155425829,0.5,1.0,0.0004014084507042253,0.06333333333333332,2485.1138353765327,0.005633802816901409,-0.11361646578881295,-0.18476958910325347,0,-0.61375,1.7962500000000001,0,6,0,1,2,0,Standard,Enterprise
NK338,13,1015,78.07692308,1,3,0.2,0.6111111111111112,0.29093514869222503,0.045054085687748734,0.0,1.0,0.00019685039370078743,0.014285714285714287,5049.751243781095,0.012795275590551181,-0.9941199566740908,-0.6954920170171265,0,-0.61375,1.7962500000000001,0,2,0,0,2,0,Basic,Enterprise
VH339,12,2249,187.4166667,1,2,0.45,0.5555555555555556,0.7330705840200645,0.11890077731210207,0.0,0.5,0.0002,0.03461538461538462,4986.69623059867,0.005333333333333333,-0.39918516553538946,0.8644868840861392,0,-0.61375,1.7962500000000001,0,5,0,0,1,0,Basic,Pro
RL340,8,1627,203.375,3,2,0.98,0.3333333333333333,0.5102113937656754,0.1296788354913805,1.0,0.5,0.0006019656019656019,0.10888888888888888,1658.5117227319063,0.004914004914004914,0.8620765916786574,0.07817661140685936,0,-0.61375,1.7962500000000001,0,8,0,2,1,0,Premium,Pro
RB341,3,1264,421.3333333,1,1,0.25,0.05555555555555555,0.3801504836975994,0.2768851604129161,0.0,0.0,0.0001976284584980237,0.0625,5035.8565737051795,0.0023715415019762848,-0.8751329984463506,-0.3807150750603087,0,-0.61375,1.7962500000000001,0,3,0,0,0,0,Basic,Free
PQ342,11,273,24.81818182,3,1,0.16,0.5,0.025080616266571123,0.009083799752223298,1.0,0.0,0.0005839416058394161,0.013333333333333334,1695.6521739130435,0.040145985401459854,-1.089309523256283,-1.633502020759933,0,-0.61375,1.7962500000000001,0,2,0,2,0,0,Premium,Free
KH343,9,2386,265.1111111,3,1,1.43,0.3888888888888889,0.7821569329989251,0.17137463070316478,1.0,0.0,0.0005990783410138249,0.143,1667.3654786862337,0.003770423125261835,1.9329592157283197,1.0376774103836655,0,-0.61375,1.7962500000000001,0,10,0,2,0,0,Premium,Free
FZ344,7,508,72.57142857,1,3,0.1,0.2777777777777778,0.10927982801863131,0.04133574373944025,0.0,1.0,0.00019646365422396858,0.0125,5029.702970297029,0.0137524557956778,-1.2320938731295714,-1.3364233807605266,0,-0.61375,1.7962500000000001,0,1,0,0,2,0,Basic,Enterprise
WO345,18,1329,73.83333333,1,1,0.27,0.8888888888888888,0.4034396273737012,0.042188018388948194,0.0,0.0,0.00020300751879699248,0.014210526315789474,4904.059040590406,0.013533834586466165,-0.8275382151552544,-0.29854438740089845,0,-0.61375,1.7962500000000001,0,3,0,0,0,0,Basic,Free
RX346,5,1779,355.8,1,1,0.36,0.16666666666666666,0.5646721605159442,0.23262476894775946,0.0,0.0,0.00020224719101123595,0.06,4927.97783933518,0.0028089887640449437,-0.6133616903453221,0.2703296040873264,0,-0.61375,1.7962500000000001,0,4,0,0,0,0,Basic,Free
CK347,18,2374,131.8888889,2,2,0.95,0.8888888888888888,0.7778573987817986,0.0813980125531754,0.5,0.5,0.00039999999999999996,0.049999999999999996,2496.3196635120926,0.007578947368421052,0.7906844167420132,1.0225074372773126,0,-0.61375,1.7962500000000001,0,8,0,1,1,0,Standard,Pro
AH348,2,812,406.0,1,2,0.16,0.0,0.21820136151916875,0.2665292193955877,0.0,0.5,0.0001968019680196802,0.05333333333333334,5043.478260869565,0.0024600246002460025,-1.089309523256283,-0.9521173953995924,0,-0.61375,1.7962500000000001,0,2,0,0,1,0,Basic,Pro
NG349,8,560,70.0,1,1,0.11,0.3333333333333333,0.12791114295951272,0.03959903313123916,0.0,0.0,0.000196078431372549,0.012222222222222223,5045.045045045045,0.0142602495543672,-1.2082964814840234,-1.2706868306329984,0,-0.61375,1.7962500000000001,0,1,0,0,0,0,Basic,Free
FS350,15,2054,136.9333333,3,3,1.23,0.7222222222222222,0.6632031529917592,0.08480496703916393,1.0,1.0,0.0005985401459854014,0.076875,1668.5621445978882,0.0072992700729927005,1.4570113828173588,0.6179748211079084,0,-0.61375,1.7962500000000001,0,10,0,2,2,0,Premium,Enterprise
UF351,9,351,39.0,1,2,0.07,0.3888888888888889,0.05302758867789323,0.018662021898516526,0.0,0.5,0.00019886363636363637,0.007000000000000001,4943.661971830986,0.02556818181818182,-1.3034860480662156,-1.5348971955686406,0,-0.61375,1.7962500000000001,0,1,0,0,1,0,Basic,Pro
HF352,19,2188,115.1578947,3,1,1.31,0.9444444444444444,0.7112146184163383,0.07009810889188452,1.0,0.0,0.000598446779351302,0.0655,1668.9549961861176,0.00867976244860667,1.6473905159817432,0.7873728541288464,0,-0.61375,1.7962500000000001,0,10,0,2,0,0,Premium,Free
AY353,14,1072,76.57142857,1,2,0.21,0.6666666666666666,0.31135793622357577,0.044037293575920594,0.0,0.5,0.00019571295433364397,0.014,5080.568720379147,0.0130475302889096,-0.9703225650285429,-0.6234346447619513,0,-0.61375,1.7962500000000001,0,2,0,0,1,0,Basic,Pro
HF354,15,2533,168.8666667,3,3,1.52,0.7222222222222222,0.8348262271587245,0.10637233994542449,1.0,1.0,0.0005998421468034728,0.095,1665.3517422748193,0.005919494869771113,2.1471357405382525,1.2235095809364855,0,-0.61375,1.7962500000000001,0,10,1,2,2,0,Premium,Enterprise
LB355,15,2179,145.2666667,3,3,1.31,0.7222222222222222,0.7079899677534933,0.09043319591019047,1.0,1.0,0.0006009174311926605,0.081875,1662.090007627765,0.006880733944954129,1.6473905159817432,0.7759953742990819,0,-0.61375,1.7962500000000001,0,10,0,2,2,0,Premium,Enterprise
LK356,15,1445,96.33333333,2,2,0.58,0.7222222222222222,0.44500179147259045,0.05738423621915011,0.5,0.5,0.0004011065006915629,0.03625,2487.091222030981,0.01037344398340249,-0.08981907414326487,-0.15190131403948937,0,-0.61375,1.7962500000000001,0,6,0,1,1,0,Standard,Pro
XL357,16,446,27.875,3,2,0.27,0.7777777777777778,0.08706556789681118,0.01114833641580558,1.0,0.5,0.000604026845637584,0.015882352941176472,1645.7564575645756,0.035794183445190156,-0.8275382151552544,-1.4148015751433487,0,-0.61375,1.7962500000000001,0,3,0,2,1,0,Premium,Pro
WL358,6,2021,336.8333333,1,2,0.4,0.2222222222222222,0.6513794338946615,0.2198149201172689,0.0,0.5,0.00019782393669634028,0.05714285714285715,5039.900249376558,0.002967359050445104,-0.5181721237631297,0.5762573950654385,0,-0.61375,1.7962500000000001,0,4,0,0,1,0,Basic,Pro
GX359,2,847,423.5,3,2,0.51,0.0,0.23074166965245432,0.27834849993018923,1.0,0.5,0.0006014150943396227,0.17,1657.5342465753424,0.0023584905660377358,-0.25640081566210116,-0.9078716405060638,0,-0.61375,1.7962500000000001,0,5,0,2,1,0,Premium,Pro
BK360,18,2046,113.6666667,3,1,1.23,0.8888888888888888,0.6603367968470082,0.06909095220199579,1.0,0.0,0.0006008793356130923,0.06473684210526316,1662.0633631194153,0.008793356130923302,1.4570113828173588,0.6078615057036733,0,-0.61375,1.7962500000000001,0,10,0,2,0,0,Premium,Free
LT361,11,2305,209.5454545,2,3,0.92,0.5,0.7531350770333214,0.1338462830777516,0.5,1.0,0.000398959236773634,0.07666666666666667,2502.7144408251897,0.004770164787510842,0.7192922418053692,0.9352800919157849,0,-0.61375,1.7962500000000001,0,8,0,1,2,0,Standard,Enterprise
UZ362,6,1856,309.3333333,2,1,0.74,0.2222222222222222,0.5922608384091723,0.2012417649914666,0.5,0.0,0.0003984921917070544,0.10571428571428572,2504.72334682861,0.0032310177705977385,0.29093919218550407,0.36767026485308935,0,-0.61375,1.7962500000000001,0,7,0,1,0,0,Standard,Free
LM363,15,2580,172.0,1,3,0.52,0.7222222222222222,0.8516660695091365,0.10848855396148784,0.0,1.0,0.00020147229755908565,0.0325,4952.015355086372,0.00581170089112747,-0.23260342401655307,1.2829253089363668,0,-0.61375,1.7962500000000001,0,5,0,0,2,0,Basic,Enterprise
CB364,3,1138,379.3333333,3,1,0.68,0.05555555555555555,0.3350053744177714,0.24851888712987255,1.0,0.0,0.0005970149253731343,0.17,1671.0719530102788,0.0026338893766461808,0.14815484231221587,-0.5399997926770117,0,-0.61375,1.7962500000000001,0,7,0,2,0,0,Premium,Free
KE365,20,1305,65.25,3,2,0.78,1.0,0.39484055893944825,0.03639094270041875,1.0,0.5,0.0005972434915773354,0.037142857142857144,1670.9346991037132,0.015313935681470138,0.38612875876769637,-0.3288843336136038,0,-0.61375,1.7962500000000001,0,7,0,2,1,0,Premium,Pro
PG366,12,1475,122.9166667,2,1,0.59,0.5555555555555556,0.45575062701540664,0.07533828619885657,0.5,0.0,0.0003997289972899729,0.045384615384615384,2495.7698815566837,0.008130081300813009,-0.0660216824977168,-0.11397638127360772,0,-0.61375,1.7962500000000001,0,6,0,1,0,0,Standard,Free
TR367,12,1785,148.75,2,1,0.71,0.5555555555555556,0.5668219276245073,0.09278579553694585,0.5,0.0,0.0003975363941769317,0.054615384615384614,2510.5485232067513,0.006718924972004479,0.21954701724885986,0.2779145906405028,0,-0.61375,1.7962500000000001,0,7,0,1,0,0,Standard,Free
KR368,4,2800,700.0,1,3,0.56,0.1111111111111111,0.9304908634897886,0.4650931323768927,0.0,1.0,0.00019992859692966798,0.11200000000000002,4991.08734402852,0.0014280614066404856,-0.13741385743436077,1.5610414825528323,0,-0.61375,1.7962500000000001,0,6,0,0,2,0,Basic,Enterprise
QZ369,11,1649,149.9090909,3,2,0.99,0.5,0.5180938731637406,0.09356863099478607,1.0,0.5,0.0006,0.0825,1663.9757820383452,0.006666666666666667,0.8858739833242054,0.10598822876850592,0,-0.61375,1.7962500000000001,0,9,0,2,1,0,Premium,Pro
QC370,5,2247,449.4,2,3,0.9,0.16666666666666666,0.7323539949838768,0.2958410351213994,0.5,1.0,0.000400355871886121,0.15,2493.8956714761375,0.002224199288256228,0.671697458514273,0.8619585552350804,0,-0.61375,1.7962500000000001,0,8,0,1,2,0,Standard,Enterprise
FK371,15,1689,112.6,1,2,0.34,0.7222222222222222,0.5324256538874955,0.06837053888975478,0.0,0.5,0.00020118343195266273,0.02125,4953.07917888563,0.008875739644970414,-0.6609564736364181,0.15655480578968145,0,-0.61375,1.7962500000000001,0,4,0,0,1,0,Basic,Pro
LE372,10,1887,188.7,1,1,0.38,0.4444444444444444,0.6033679684700824,0.11976752452879325,0.0,0.0,0.00020127118644067796,0.034545454545454546,4952.755905511811,0.005296610169491525,-0.5657669070542258,0.4068593620445004,0,-0.61375,1.7962500000000001,0,4,0,0,0,0,Basic,Free
RV373,15,850,56.66666667,2,2,0.34,0.7222222222222222,0.23181655320673594,0.030593867011889316,0.5,0.5,0.0003995299647473561,0.02125,2492.6686217008796,0.01762632197414806,-0.6609564736364181,-0.9040791472294756,0,-0.61375,1.7962500000000001,0,4,0,1,1,0,Standard,Pro
PM374,19,2132,112.2105263,2,1,0.85,0.9444444444444444,0.6911501254030813,0.06810749323711769,0.5,0.0,0.00039849976558837315,0.042499999999999996,2505.2878965922446,0.008907641819034223,0.5527105002865327,0.7165796462992007,0,-0.61375,1.7962500000000001,0,8,0,1,0,0,Standard,Free
AS375,20,506,25.3,1,3,0.1,1.0,0.10856323898244356,0.009409213708571363,0.0,1.0,0.00019723865877712034,0.004761904761904762,5009.9009900990095,0.03944773175542406,-1.2320938731295714,-1.3389517096115853,0,-0.61375,1.7962500000000001,0,1,0,0,2,0,Basic,Enterprise
WV376,18,1221,67.83333333,1,3,0.24,0.8888888888888888,0.36474381941956285,0.03813569363422768,0.0,1.0,0.00019639934533551554,0.01263157894736842,5066.390041493776,0.014729950900163666,-0.8989303900918987,-0.43507414535807243,0,-0.61375,1.7962500000000001,0,2,0,0,2,0,Basic,Enterprise
YE377,11,214,19.45454545,1,3,0.04,0.5,0.003941239699032604,0.005461267012644922,0.0,1.0,0.000186046511627907,0.0033333333333333335,5219.512195121951,0.05116279069767442,-1.3748782230028596,-1.7080877218661668,0,-0.61375,1.7962500000000001,0,1,0,0,2,0,Basic,Enterprise
TP378,12,1265,105.4166667,2,2,0.51,0.5555555555555556,0.3805087782156933,0.06351900566425508,0.5,0.5,0.0004028436018957346,0.03923076923076923,2475.538160469667,0.009478672985781991,-0.25640081566210116,-0.3794509106347793,0,-0.61375,1.7962500000000001,0,5,0,1,1,0,Standard,Pro
VZ379,12,402,33.5,1,2,0.08,0.5555555555555556,0.07130060910068076,0.014947390873356057,0.0,0.5,0.00019851116625310174,0.006153846153846154,4962.962962962963,0.02977667493796526,-1.2796886564206675,-1.4704248098666417,0,-0.61375,1.7962500000000001,0,1,0,0,1,0,Basic,Pro
VB380,4,1111,277.75,2,2,0.44,0.1111111111111111,0.32533142242923685,0.17991077776343684,0.5,0.5,0.0003956834532374101,0.088,2519.2743764172337,0.0035971223021582736,-0.4229825571809375,-0.5741322321663052,0,-0.61375,1.7962500000000001,0,5,0,1,1,0,Standard,Pro
EG381,3,2925,975.0,1,1,0.59,0.05555555555555555,0.9752776782515228,0.6508246836349161,0.0,0.0,0.00020164046479835952,0.1475,4949.238578680203,0.0010252904989747095,-0.0660216824977168,1.7190620357440058,0,-0.61375,1.7962500000000001,0,6,0,0,0,1,Basic,Free
SV382,19,636,33.47368421,2,3,0.25,0.9444444444444444,0.1551415263346471,0.01492961751881322,0.5,1.0,0.0003924646781789639,0.0125,2533.864541832669,0.029827315541601257,-0.8751329984463506,-1.1746103342927647,0,-0.61375,1.7962500000000001,0,3,0,1,2,0,Standard,Enterprise
SO383,9,2351,261.2222222,3,1,1.41,0.3888888888888889,0.7696166248656395,0.16874812391019345,1.0,0.0,0.0005994897959183673,0.141,1666.1941885187812,0.003826530612244898,1.8853644324372236,0.9934316554901368,0,-0.61375,1.7962500000000001,0,10,0,2,0,0,Premium,Free
GX384,13,1963,151.0,1,3,0.39,0.6111111111111112,0.6305983518452167,0.09430541731996606,0.0,1.0,0.00019857433808553973,0.027857142857142858,5020.460358056266,0.006619144602851324,-0.5419695154086778,0.502935858384734,0,-0.61375,1.7962500000000001,0,4,0,0,2,0,Basic,Enterprise
UA385,2,2291,1145.5,2,2,0.92,0.0,0.7481189537800071,0.7659782454148906,0.5,0.5,0.00040139616055846425,0.3066666666666667,2487.513572204126,0.0008726003490401396,0.7192922418053692,0.9175817899583735,0,-0.61375,1.7962500000000001,0,8,0,1,1,1,Standard,Pro
AD386,17,2549,149.9411765,3,1,1.53,0.8333333333333334,0.8405589394482265,0.09359030120664442,1.0,0.0,0.0006000000000000001,0.085,1664.924885695624,0.006666666666666667,2.1709331321838006,1.2437362117449557,0,-0.61375,1.7962500000000001,0,10,1,2,0,0,Premium,Free
IP387,14,2149,153.5,2,3,0.86,0.6666666666666666,0.6972411322106772,0.09599388596776626,0.5,1.0,0.0004,0.05733333333333333,2495.9349593495936,0.0065116279069767444,0.5765078919320807,0.7380704415332002,0,-0.61375,1.7962500000000001,0,8,0,1,2,0,Standard,Enterprise
PV388,12,1538,128.1666667,1,3,0.31,0.5555555555555556,0.4783231816553207,0.07888407035923703,0.0,1.0,0.00020142949967511372,0.023846153846153847,4945.337620578778,0.007797270955165692,-0.7323486485730623,-0.03433402246525623,0,-0.61375,1.7962500000000001,0,3,0,0,2,0,Basic,Enterprise
UU389,2,978,489.0,1,1,0.2,0.0,0.2776782515227517,0.3225863785025548,0.0,0.0,0.00020429009193054137,0.06666666666666667,4865.671641791045,0.0020429009193054137,-0.9941199566740908,-0.7422661007617138,0,-0.61375,1.7962500000000001,0,2,0,0,0,0,Basic,Free
LP390,16,592,37.0,3,3,0.36,0.7777777777777778,0.13937656753851665,0.017311246980276356,1.0,1.0,0.0006070826306913996,0.021176470588235293,1639.8891966759004,0.026981450252951095,-0.6133616903453221,-1.230233569016058,0,-0.61375,1.7962500000000001,0,4,0,2,2,0,Premium,Enterprise
ST391,8,2671,333.875,2,1,1.07,0.3333333333333333,0.884270870655679,0.2178168989065516,0.5,0.0,0.00040044910179640723,0.11888888888888889,2493.9309056956117,0.0029940119760479044,1.07625311648859,1.397964271659541,0,-0.61375,1.7962500000000001,0,9,0,1,0,0,Standard,Free
KP392,16,360,22.5,1,3,0.07,0.7777777777777778,0.056252239340738086,0.007518128823035123,0.0,1.0,0.00019390581717451525,0.00411764705882353,5070.422535211267,0.0443213296398892,-1.3034860480662156,-1.523519715738876,0,-0.61375,1.7962500000000001,0,1,0,0,2,0,Basic,Enterprise
DY393,9,2409,267.6666667,3,3,1.45,0.3888888888888889,0.7903977069150842,0.1731006209064889,1.0,1.0,0.0006016597510373443,0.145,1660.2343211578225,0.0037344398340248964,1.9805539990194159,1.0667531921708413,0,-0.61375,1.7962500000000001,0,10,0,2,2,0,Premium,Enterprise
ET394,8,1554,194.25,2,1,0.62,0.3333333333333333,0.4840558939448226,0.12351592492690973,0.5,0.0,0.00039871382636655947,0.06888888888888889,2502.4154589371983,0.005144694533762058,0.005370492438927431,-0.014107391656786011,0,-0.61375,1.7962500000000001,0,6,0,1,0,0,Standard,Free
PP395,3,1973,657.6666667,1,2,0.39,0.05555555555555555,0.6341812970261556,0.436501729963322,0.0,0.5,0.00019756838905775077,0.0975,5046.035805626599,0.001519756838905775,-0.5419695154086778,0.5155775026400279,0,-0.61375,1.7962500000000001,0,4,0,0,1,0,Basic,Pro
KL396,13,567,43.61538462,1,1,0.11,0.6111111111111112,0.13041920458616982,0.021779194789880243,0.0,0.0,0.0001936619718309859,0.007857142857142858,5108.108108108108,0.022887323943661973,-1.2082964814840234,-1.2618376796542927,0,-0.61375,1.7962500000000001,0,1,0,0,0,0,Basic,Free
LX397,4,207,51.75,2,3,0.08,0.1111111111111111,0.0014331780723754925,0.027273212002297608,0.5,1.0,0.0003846153846153846,0.016,2555.5555555555557,0.019230769230769232,-1.2796886564206675,-1.7169368728448726,0,-0.61375,1.7962500000000001,0,1,0,1,2,0,Standard,Enterprise
QO398,19,2906,152.9473684,2,1,1.16,0.9444444444444444,0.9684700824077391,0.09562064551561279,0.5,0.0,0.0003990368077055383,0.057999999999999996,2503.014642549527,0.006535947712418301,1.2904296412985221,1.6950429116589474,0,-0.61375,1.7962500000000001,0,9,0,1,0,0,Standard,Free
PK399,9,2265,251.6666667,2,2,0.91,0.3888888888888889,0.7388032963095664,0.16229442156056753,0.5,0.5,0.00040158870255957636,0.091,2486.2788144895717,0.003971756398940865,0.6954948501598212,0.8847135148946094,0,-0.61375,1.7962500000000001,0,8,0,1,1,0,Standard,Pro
GZ400,18,1589,88.27777778,1,3,0.32,0.8888888888888888,0.49659620207810823,0.05194361502443491,0.0,1.0,0.00020125786163522014,0.016842105263157894,4950.155763239875,0.011320754716981131,-0.7085512569275142,0.030138363236742592,0,-0.61375,1.7962500000000001,0,3,0,0,2,0,Basic,Enterprise
HB401,14,2716,194.0,2,1,1.09,0.6666666666666666,0.9003941239699033,0.1233470780621297,0.5,0.0,0.00040117776959882224,0.07266666666666667,2489.459211732356,0.005152741994847258,1.1238478997796861,1.4548516708083636,0,-0.61375,1.7962500000000001,0,9,0,1,0,0,Standard,Free
ZE402,4,2385,596.25,3,1,1.43,0.1111111111111111,0.7817986384808312,0.39502168349318384,1.0,0.0,0.0005993294216261525,0.286,1666.666666666667,0.0016764459346186086,1.9329592157283197,1.0364132459581359,0,-0.61375,1.7962500000000001,0,10,0,2,0,0,Premium,Free
GA403,7,2872,410.2857143,1,2,0.57,0.2777777777777778,0.9562880687925475,0.2694237370871793,0.0,0.5,0.0001983988861816916,0.07125,5029.772329246935,0.0024364775495997215,-0.11361646578881295,1.6520613211909483,0,-0.61375,1.7962500000000001,0,6,0,0,1,0,Basic,Pro
KC404,8,1643,205.375,2,1,0.66,0.3333333333333333,0.5159441060551774,0.13102961040962066,0.5,0.0,0.0004014598540145986,0.07333333333333333,2485.627836611195,0.004866180048661801,0.10056005902111974,0.09840324221532958,0,-0.61375,1.7962500000000001,0,7,0,1,0,0,Standard,Free
TI405,19,216,11.36842105,1,2,0.04,0.9444444444444444,0.004657828735220351,0.0,0.0,0.5,0.00018433179723502304,0.002,5268.292682926829,0.08755760368663594,-1.3748782230028596,-1.705559393015108,0,-0.61375,1.7962500000000001,0,1,0,0,1,0,Basic,Pro
OE406,4,365,91.25,2,1,0.15,0.1111111111111111,0.05804371193120745,0.05395101663754097,0.5,0.0,0.0004098360655737705,0.03,2417.218543046358,0.01092896174863388,-1.1131069149018311,-1.517198893611229,0,-0.61375,1.7962500000000001,0,2,0,1,0,0,Standard,Free
DN407,6,2068,344.6666667,2,2,0.83,0.2222222222222222,0.6682192762450735,0.22510545525873543,0.5,0.5,0.00040115998066698886,0.11857142857142856,2488.5679903730447,0.0028999516674722086,0.5051157169954364,0.6356731230653198,0,-0.61375,1.7962500000000001,0,8,0,1,1,0,Standard,Pro
XJ408,14,1465,104.6428571,1,3,0.29,0.6666666666666666,0.4521676818344679,0.06299638436466837,0.0,1.0,0.00019781718963165075,0.01933333333333333,5034.364261168385,0.009549795361527967,-0.7799434318641584,-0.1266180255289016,0,-0.61375,1.7962500000000001,0,3,0,0,2,0,Basic,Enterprise
PO409,2,2477,1238.5,3,3,1.49,0.0,0.8147617341454676,0.8287892791130584,1.0,1.0,0.0006012913640032284,0.49666666666666665,1661.3011401743797,0.0008071025020177562,2.0757435656016083,1.1527163731068397,0,-0.61375,1.7962500000000001,0,10,0,2,2,1,Premium,Enterprise
SF410,18,2377,132.0555556,2,1,0.95,0.8888888888888888,0.7789322823360803,0.08151057715220832,0.5,0.0,0.0003994953742640874,0.049999999999999996,2499.4742376445847,0.007569386038687973,0.7906844167420132,1.026299930553901,0,-0.61375,1.7962500000000001,0,8,0,1,0,0,Standard,Free
BH411,6,2777,462.8333333,3,3,1.67,0.2222222222222222,0.9222500895736295,0.30491373996639964,1.0,1.0,0.0006011519078473722,0.23857142857142857,1661.879114302813,0.0021598272138228943,2.5040966152214734,1.5319657007656564,0,-0.61375,1.7962500000000001,0,10,1,2,2,0,Premium,Enterprise
DB412,7,1283,183.2857143,1,1,0.26,0.2777777777777778,0.386958079541383,0.11611078386692004,0.0,0.0,0.00020249221183800623,0.0325,4915.708812260536,0.005451713395638629,-0.8513356068008026,-0.35669595097525036,0,-0.61375,1.7962500000000001,0,3,0,0,0,0,Basic,Free
QB413,15,787,52.46666667,1,3,0.16,0.7222222222222222,0.20924399856682194,0.027757239683584962,0.0,1.0,0.0002030456852791878,0.01,4888.198757763975,0.01903553299492386,-1.089309523256283,-0.9837215060378272,0,-0.61375,1.7962500000000001,0,2,0,0,2,0,Basic,Enterprise
LZ414,16,267,16.6875,2,3,0.11,0.7777777777777778,0.02293084915800788,0.0035924392168996296,0.5,1.0,0.00041044776119402983,0.006470588235294118,2405.4054054054054,0.05970149253731343,-1.2082964814840234,-1.6410870073131092,0,-0.61375,1.7962500000000001,0,1,0,1,2,0,Standard,Enterprise
SW415,19,2042,107.4736842,3,3,1.23,0.9444444444444444,0.6589036187746328,0.06490828948694563,1.0,1.0,0.0006020558002936857,0.0615,1658.813972380179,0.00930004894762604,1.4570113828173588,0.6028048480015556,0,-0.61375,1.7962500000000001,0,10,0,2,2,0,Premium,Enterprise
BU416,6,476,79.33333333,1,1,0.1,0.2222222222222222,0.09781440343962737,0.04590264941410867,0.0,0.0,0.00020964360587002098,0.014285714285714287,4712.8712871287125,0.012578616352201259,-1.2320938731295714,-1.376876642377467,0,-0.61375,1.7962500000000001,0,1,0,0,0,0,Basic,Free
YF417,4,227,56.75,2,3,0.09,0.1111111111111111,0.008599068434252956,0.030650149297898034,0.5,1.0,0.00039473684210526315,0.018,2494.5054945054944,0.017543859649122806,-1.2558912647751195,-1.6916535843342848,0,-0.61375,1.7962500000000001,0,1,0,1,2,0,Standard,Enterprise
UW418,4,2181,545.25,2,1,0.87,0.1111111111111111,0.7087065567896811,0.3605769230780595,0.5,0.0,0.0003987167736021998,0.174,2504.0183696900117,0.0018331805682859762,0.6003052835776288,0.7785237031501406,0,-0.61375,1.7962500000000001,0,8,0,1,0,0,Standard,Free
OT419,11,2670,242.7272727,2,3,1.07,0.5,0.8839125761375851,0.15625686696083418,0.5,1.0,0.0004005990265818046,0.08916666666666667,2492.997198879552,0.0041183077499064025,1.07625311648859,1.3967001072340117,0,-0.61375,1.7962500000000001,0,9,0,1,2,0,Standard,Enterprise
OD420,5,1281,256.2,1,2,0.26,0.16666666666666666,0.3862414905051953,0.16535617801939897,0.0,0.5,0.00020280811232449298,0.043333333333333335,4908.045977011494,0.0039001560062402497,-0.8513356068008026,-0.3592242798263091,0,-0.61375,1.7962500000000001,0,3,0,0,1,0,Basic,Pro
XI421,10,1625,162.5,3,3,0.98,0.4444444444444444,0.5094948047294876,0.10207237309984703,1.0,1.0,0.0006027060270602706,0.0890909090909091,1656.472986748216,0.006150061500615006,0.8620765916786574,0.07564828255580058,0,-0.61375,1.7962500000000001,0,8,0,2,2,0,Premium,Enterprise
VZ422,17,1582,93.05882353,2,3,0.63,0.8333333333333334,0.4940881404514511,0.05517267336546429,0.5,1.0,0.0003979785217940619,0.035,2507.1315372424724,0.010739102969046115,0.029167884084475508,0.02128921225803687,0,-0.61375,1.7962500000000001,0,7,0,1,2,0,Standard,Enterprise
IM423,11,1926,175.0909091,2,2,0.77,0.5,0.6173414546757434,0.11057611520490798,0.5,0.5,0.00039958484691229895,0.06416666666666666,2498.0544747081713,0.005708354955889984,0.3623313671221483,0.45616177464014657,0,-0.61375,1.7962500000000001,0,7,0,1,1,0,Standard,Pro
HG424,5,2933,586.6,2,2,1.17,0.16666666666666666,0.9781440343962737,0.38850419451267504,0.5,0.5,0.0003987730061349693,0.19499999999999998,2504.6968403074297,0.0017041581458759373,1.3142270329440704,1.729175351148241,0,-0.61375,1.7962500000000001,0,9,0,1,1,0,Standard,Pro
QK425,15,2205,147.0,1,1,0.44,0.7222222222222222,0.717305625223934,0.09160386748348572,0.0,0.0,0.00019945602901178604,0.0275,5000.0,0.006799637352674524,-0.4229825571809375,0.808863649362846,0,-0.61375,1.7962500000000001,0,5,0,0,0,0,Basic,Free
XL426,2,1834,917.0,3,2,1.1,0.0,0.5843783590111071,0.6116522110059511,1.0,0.5,0.0005994550408719347,0.3666666666666667,1665.7584014532245,0.0010899182561307902,1.1476452914252342,0.3398586474914428,0,-0.61375,1.7962500000000001,0,9,0,2,1,1,Premium,Pro
IE427,8,247,30.875,3,1,0.15,0.3333333333333333,0.015764958796130418,0.013174498793165835,1.0,0.0,0.0006048387096774194,0.016666666666666666,1635.7615894039736,0.03225806451612903,-1.1131069149018311,-1.666370295823697,0,-0.61375,1.7962500000000001,0,2,0,2,0,0,Premium,Free
ZP428,15,1146,76.4,2,3,0.46,0.7222222222222222,0.3378717305625224,0.043921512869607715,0.5,1.0,0.0004010462074978204,0.02875,2485.9002169197397,0.013077593722755012,-0.3753877738898414,-0.5298864772727766,0,-0.61375,1.7962500000000001,0,5,0,1,2,0,Standard,Enterprise
RY429,8,1249,156.125,2,1,0.5,0.3333333333333333,0.37477606592619134,0.09776677804795648,0.5,0.0,0.0004,0.05555555555555555,2493.013972055888,0.0064,-0.2801982073076492,-0.3996775414432496,0,-0.61375,1.7962500000000001,0,5,0,1,0,0,Standard,Free
FG430,8,2302,287.75,2,3,0.92,0.3333333333333333,0.7520601934790397,0.18666465235463767,0.5,1.0,0.00039947894051237516,0.10222222222222223,2499.457111834962,0.0034737299174989146,0.7192922418053692,0.9314875986391967,0,-0.61375,1.7962500000000001,0,8,0,1,2,0,Standard,Enterprise
EG431,11,2184,198.5454545,2,2,0.87,0.5,0.7097814403439627,0.12641702102743066,0.5,0.5,0.0003981693363844394,0.0725,2507.4626865671644,0.005034324942791762,0.6003052835776288,0.7823161964267289,0,-0.61375,1.7962500000000001,0,8,0,1,1,0,Standard,Pro
VS432,8,1410,176.25,1,3,0.28,0.3333333333333333,0.4324614833393049,0.1113589506627482,0.0,1.0,0.00019844082211197735,0.031111111111111114,5017.793594306049,0.005669737774627924,-0.8037408235097063,-0.19614706893301798,0,-0.61375,1.7962500000000001,0,3,0,0,2,0,Basic,Enterprise
LL433,11,571,51.90909091,1,2,0.11,0.5,0.13185238265854532,0.027380660007771614,0.0,0.5,0.0001923076923076923,0.009166666666666667,5144.144144144144,0.019230769230769232,-1.2082964814840234,-1.2567810219521751,0,-0.61375,1.7962500000000001,0,1,0,0,1,0,Basic,Pro
GO434,6,2745,457.5,3,1,1.65,0.2222222222222222,0.9107846649946256,0.3013116735402721,1.0,0.0,0.0006008739985433357,0.2357142857142857,1662.6287098728046,0.0021849963583394027,2.4565018319303773,1.4915124391487158,0,-0.61375,1.7962500000000001,0,10,1,2,0,0,Premium,Free
CG435,20,1422,71.1,1,3,0.28,1.0,0.4367610175564314,0.04034195933627125,0.0,1.0,0.000196767392832045,0.013333333333333334,5060.498220640569,0.014054813773717497,-0.8037408235097063,-0.18097709582666532,0,-0.61375,1.7962500000000001,0,3,0,0,2,0,Basic,Enterprise
QS436,8,2082,260.25,3,2,1.25,0.3333333333333333,0.6732353994983876,0.16809149722883535,1.0,0.5,0.000600096015362458,0.1388888888888889,1664.2685851318947,0.003840614498319731,1.5046061661084549,0.6533714250227312,0,-0.61375,1.7962500000000001,0,10,0,2,1,0,Premium,Pro
ZJ437,20,916,45.8,1,2,0.18,1.0,0.25546399140093157,0.023254656620533103,0.0,0.5,0.00019629225736095965,0.008571428571428572,5060.773480662983,0.021810250817884406,-1.041714739965187,-0.820644295144536,0,-0.61375,1.7962500000000001,0,2,0,0,1,0,Basic,Pro
IN438,3,1248,416.0,3,2,0.75,0.05555555555555555,0.37441777140809746,0.27328309398678857,1.0,0.5,0.0006004803843074459,0.1875,1661.7842876165114,0.0024019215372297837,0.31473658383105213,-0.4009417058687789,0,-0.61375,1.7962500000000001,0,7,0,2,1,0,Premium,Pro
OT439,17,1407,82.76470588,3,2,0.84,0.8333333333333334,0.4313865997850233,0.048220155401947566,1.0,0.5,0.000596590909090909,0.04666666666666666,1673.0083234244946,0.012073863636363636,0.5289131086409846,-0.19993956220960615,0,-0.61375,1.7962500000000001,0,8,0,2,1,0,Premium,Pro
GU440,19,589,31.0,2,3,0.24,0.9444444444444444,0.13830168398423504,0.013258922225555844,0.5,1.0,0.00040677966101694915,0.012,2443.9834024896268,0.03220338983050847,-0.8989303900918987,-1.234026062292646,0,-0.61375,1.7962500000000001,0,2,0,1,2,0,Standard,Enterprise
CU441,5,471,94.2,1,1,0.09,0.16666666666666666,0.09602293084915801,0.055943409641945226,0.0,0.0,0.00019067796610169492,0.015,5175.824175824176,0.01059322033898305,-1.2558912647751195,-1.383197464505114,0,-0.61375,1.7962500000000001,0,1,0,0,0,0,Basic,Free
EX442,20,2686,134.3,2,3,1.07,1.0,0.889645288427087,0.08302644675266063,0.5,1.0,0.00039821362113881656,0.05095238095238096,2507.936507936508,0.00744324525493115,1.07625311648859,1.416926738042482,0,-0.61375,1.7962500000000001,0,9,0,1,2,0,Standard,Enterprise
VB443,20,1458,72.9,3,3,0.87,1.0,0.4496596202078108,0.04155765676268741,1.0,1.0,0.0005962988348183687,0.041428571428571426,1673.9380022962112,0.013708019191226868,0.6003052835776288,-0.1354671765076073,0,-0.61375,1.7962500000000001,0,8,0,2,2,0,Premium,Enterprise
NO444,12,1373,114.4166667,2,2,0.55,0.5555555555555556,0.4192045861698316,0.06959749279633586,0.5,0.5,0.0004002911208151383,0.04230769230769231,2491.8330308529944,0.008733624454148471,-0.16121124907990883,-0.24292115267760536,0,-0.61375,1.7962500000000001,0,6,0,1,1,0,Standard,Pro
FZ445,2,529,264.5,1,3,0.11,0.0,0.11680401289860265,0.1709618939300957,0.0,1.0,0.00020754716981132075,0.03666666666666667,4765.7657657657655,0.0037735849056603774,-1.2082964814840234,-1.3098759278244094,0,-0.61375,1.7962500000000001,0,1,0,0,2,0,Basic,Enterprise
WF446,20,1379,68.95,3,1,0.83,1.0,0.4213543532783948,0.03888987629916307,1.0,0.0,0.0006014492753623188,0.039523809523809524,1659.4464500601684,0.014492753623188406,0.5051157169954364,-0.23533616612442904,0,-0.61375,1.7962500000000001,0,8,0,2,0,0,Premium,Free
YW447,11,1116,101.4545455,2,1,0.45,0.5,0.3271228950197062,0.06084303869426126,0.5,0.0,0.00040286481647269475,0.0375,2474.50110864745,0.009847806624888093,-0.39918516553538946,-0.5678114100386582,0,-0.61375,1.7962500000000001,0,5,0,1,0,0,Standard,Free
MJ448,15,864,57.6,2,1,0.35,0.7222222222222222,0.23683267646005016,0.031224228638150105,0.5,0.0,0.00040462427745664736,0.021875,2461.538461538462,0.017341040462427744,-0.6371590819908701,-0.8863808452720642,0,-0.61375,1.7962500000000001,0,4,0,1,0,0,Standard,Free
NM449,6,2019,336.5,2,2,0.81,0.2222222222222222,0.6506628448584737,0.2195897909867418,0.5,0.5,0.000400990099009901,0.11571428571428573,2489.5191122071515,0.0029702970297029703,0.4575209337043406,0.5737290662143797,0,-0.61375,1.7962500000000001,0,7,0,1,1,0,Standard,Pro
ZY450,15,2336,155.7333333,2,1,0.93,0.7222222222222222,0.7642422070942314,0.09750225127062154,0.5,0.0,0.00039794608472400514,0.058125,2509.129967776584,0.006418485237483954,0.7430896334509173,0.9744691891071959,0,-0.61375,1.7962500000000001,0,8,0,1,0,0,Standard,Free
LK451,12,249,20.75,3,1,0.15,0.5555555555555556,0.016481547832318165,0.006336200769574975,1.0,0.0,0.0006,0.011538461538461537,1649.0066225165563,0.048,-1.1131069149018311,-1.6638419669726383,0,-0.61375,1.7962500000000001,0,2,0,2,0,0,Premium,Free
VO452,13,1494,114.9230769,1,2,0.3,0.6111111111111112,0.46255822285919024,0.06993951589458634,0.0,0.5,0.00020066889632107022,0.02142857142857143,4963.455149501661,0.008695652173913044,-0.7561460402186103,-0.08995725718854933,0,-0.61375,1.7962500000000001,0,3,0,0,1,0,Basic,Pro
PQ453,8,2223,277.875,2,2,0.89,0.3333333333333333,0.7237549265496238,0.17999520119582685,0.5,0.5,0.0004001798561151079,0.09888888888888889,2494.9494949494947,0.0035971223021582736,0.6479000668687249,0.831618609022375,0,-0.61375,1.7962500000000001,0,8,0,1,1,0,Standard,Pro
ZH454,8,2684,335.5,1,3,0.54,0.3333333333333333,0.8889286993908994,0.21891440352762173,0.0,1.0,0.0002011173184357542,0.060000000000000005,4961.1829944547135,0.0029795158286778397,-0.18500864072545692,1.4143984091914232,0,-0.61375,1.7962500000000001,0,6,0,0,2,0,Basic,Enterprise
AJ455,16,1608,100.5,2,1,0.64,0.7777777777777778,0.5034037979218918,0.06019835063440176,0.5,0.0,0.0003977625854568055,0.037647058823529415,2508.5803432137286,0.009944064636420136,0.05296527573002358,0.05415748732180098,0,-0.61375,1.7962500000000001,0,7,0,1,0,0,Standard,Free
VS456,13,2809,216.0769231,3,1,1.69,0.6111111111111112,0.9337155141526334,0.1382575550598282,1.0,0.0,0.000601423487544484,0.1207142857142857,1661.1472501478418,0.004626334519572953,2.5516913985125695,1.5724189623825968,0,-0.61375,1.7962500000000001,0,10,1,2,0,0,Premium,Free
VT457,5,873,174.6,1,2,0.17,0.16666666666666666,0.24005732712289501,0.11024456135520005,0.0,0.5,0.00019450800915331808,0.028333333333333335,5105.263157894737,0.005720823798627002,-1.065512131610735,-0.8750033654422997,0,-0.61375,1.7962500000000001,0,2,0,0,1,0,Basic,Pro
EN458,9,632,70.22222222,3,3,0.38,0.3888888888888889,0.1537083482622716,0.03974911923176499,1.0,1.0,0.0006003159557661928,0.038,1658.7926509186352,0.014218009478672985,-0.5657669070542258,-1.1796669919948823,0,-0.61375,1.7962500000000001,0,4,0,2,2,0,Premium,Enterprise
RY459,16,2128,133.0,1,3,0.43,0.7777777777777778,0.6897169473307059,0.08214844305580452,0.0,1.0,0.0002019727571629873,0.025294117647058825,4937.354988399072,0.007515265382808831,-0.44677994882648564,0.7115229885970831,0,-0.61375,1.7962500000000001,0,4,0,0,2,0,Basic,Enterprise
TH460,20,2980,149.0,1,2,0.6,1.0,0.9949838767466858,0.09295464240172588,0.0,0.5,0.00020127474002012746,0.02857142857142857,4958.402662229618,0.006709158000670915,-0.04222429085216872,1.7885910791481223,0,-0.61375,1.7962500000000001,0,6,0,0,1,0,Basic,Pro
RV461,13,1594,122.6153846,3,3,0.96,0.6111111111111112,0.4983876746685776,0.07513480404685921,1.0,1.0,0.0006018808777429466,0.06857142857142857,1658.6888657648283,0.008150470219435737,0.8144818083875612,0.03645918536438954,0,-0.61375,1.7962500000000001,0,8,0,2,2,0,Premium,Enterprise
YG462,17,1486,87.41176471,2,2,0.59,0.8333333333333334,0.4596918667144393,0.05135872065752283,0.5,0.5,0.0003967720242098184,0.032777777777777774,2514.382402707276,0.011432414256893073,-0.0660216824977168,-0.10007057259278444,0,-0.61375,1.7962500000000001,0,6,0,1,1,0,Standard,Pro
WV463,11,1199,109.0,3,3,0.72,0.5,0.35686134002149766,0.06593914403692248,1.0,1.0,0.0006,0.06,1662.9680998613037,0.009166666666666667,0.24334440889440792,-0.462885762719719,0,-0.61375,1.7962500000000001,0,7,0,2,2,0,Premium,Enterprise
IR464,9,1896,210.6666667,1,3,0.38,0.3888888888888889,0.6065926191329273,0.13460353573664405,0.0,1.0,0.00020031628887717448,0.038,4976.377952755905,0.004744333157617291,-0.5657669070542258,0.4182368418742649,0,-0.61375,1.7962500000000001,0,4,0,0,2,0,Basic,Enterprise
FC465,11,1689,153.5454545,1,1,0.34,0.5,0.5324256538874955,0.09602458536702684,0.0,0.0,0.00020118343195266273,0.028333333333333335,4953.07917888563,0.00650887573964497,-0.6609564736364181,0.15655480578968145,0,-0.61375,1.7962500000000001,0,4,0,0,0,0,Basic,Free
UJ466,14,1713,122.3571429,1,1,0.34,0.6666666666666666,0.5410247223217485,0.07496039084125736,0.0,0.0,0.00019836639439906652,0.02266666666666667,5023.460410557184,0.008168028004667444,-0.6609564736364181,0.18689475200238678,0,-0.61375,1.7962500000000001,0,4,0,0,0,0,Basic,Free
OS467,12,1704,142.0,1,1,0.34,0.5555555555555556,0.5378000716589036,0.08822693018788529,0.0,0.0,0.0001994134897360704,0.026153846153846156,4997.067448680352,0.007038123167155425,-0.6609564736364181,0.17551727217262228,0,-0.61375,1.7962500000000001,0,4,0,0,0,0,Basic,Free
KD468,9,1204,133.7777778,1,1,0.24,0.3888888888888889,0.358652812611967,0.08267374442790652,0.0,0.0,0.00019917012448132778,0.024,4995.85062240664,0.007468879668049793,-0.8989303900918987,-0.45656494059207203,0,-0.61375,1.7962500000000001,0,2,0,0,0,0,Basic,Free
NL469,12,443,36.91666667,1,1,0.09,0.5555555555555556,0.08599068434252956,0.017254964694267638,0.0,0.0,0.0002027027027027027,0.006923076923076922,4868.131868131868,0.02702702702702703,-1.2558912647751195,-1.4185940684199367,0,-0.61375,1.7962500000000001,0,1,0,0,0,0,Basic,Free
RO470,5,2478,495.6,2,3,0.99,0.16666666666666666,0.8151200286635615,0.32704393573274737,0.5,1.0,0.0003993545784590561,0.165,2500.50454086781,0.002016942315449778,0.8858739833242054,1.153980537532369,0,-0.61375,1.7962500000000001,0,9,0,1,2,0,Standard,Enterprise
HM471,11,719,65.36363636,3,2,0.43,0.5,0.18487997133643855,0.03646769127286281,1.0,0.5,0.0005972222222222222,0.035833333333333335,1668.213457076566,0.015277777777777777,-0.44677994882648564,-1.0696846869738255,0,-0.61375,1.7962500000000001,0,4,0,2,1,0,Premium,Pro
EF472,12,2336,194.6666667,2,1,0.93,0.5555555555555556,0.7642422070942314,0.12379733639072268,0.5,0.0,0.00039794608472400514,0.07153846153846154,2509.129967776584,0.005134788189987163,0.7430896334509173,0.9744691891071959,0,-0.61375,1.7962500000000001,0,8,0,1,0,0,Standard,Free
DQ473,2,296,148.0,1,2,0.06,0.0,0.033321390182730205,0.09227925494260579,0.0,0.5,0.00020202020202020202,0.02,4852.459016393443,0.006734006734006734,-1.3272834397117637,-1.604426238972757,0,-0.61375,1.7962500000000001,0,1,0,0,1,0,Basic,Pro
GK474,10,876,87.6,3,2,0.53,0.4444444444444444,0.24113221067717663,0.05148585241175266,1.0,0.5,0.000604332953249715,0.04818181818181819,1649.7175141242938,0.011402508551881414,-0.20880603237100498,-0.8712108721657115,0,-0.61375,1.7962500000000001,0,6,0,2,1,0,Premium,Pro
RB475,8,2745,343.125,1,1,0.55,0.3333333333333333,0.9107846649946256,0.22406423290341237,0.0,0.0,0.0002002913328477786,0.061111111111111116,4981.851179673321,0.0029133284777858705,-0.16121124907990883,1.4915124391487158,0,-0.61375,1.7962500000000001,0,6,0,0,0,0,Basic,Free
QC476,7,2293,327.5714286,1,1,0.46,0.2777777777777778,0.7488355428161949,0.21355954583532355,0.0,0.0,0.0002005231037489102,0.0575,4973.969631236442,0.003051438535309503,-0.3753877738898414,0.9201101188094322,0,-0.61375,1.7962500000000001,0,5,0,0,0,0,Basic,Free
IZ477,15,2812,187.4666667,2,1,1.12,0.7222222222222222,0.9347903977069151,0.11893454668505805,0.5,0.0,0.00039815143974404556,0.07,2508.4745762711864,0.005332385353714895,1.1952400747163305,1.5762114556591849,0,-0.61375,1.7962500000000001,0,9,0,1,0,0,Standard,Free
PU478,6,2867,477.8333333,1,1,0.57,0.2222222222222222,0.9544965962020782,0.3150445518532009,0.0,0.0,0.00019874476987447696,0.08142857142857142,5021.015761821366,0.0020920502092050207,-0.11361646578881295,1.6457404990633013,0,-0.61375,1.7962500000000001,0,6,0,0,0,0,Basic,Free
AR479,12,1789,149.0833333,3,2,1.07,0.5555555555555556,0.5682551056968829,0.09301092466747296,1.0,0.5,0.0005977653631284917,0.08230769230769232,1670.4014939309059,0.0067039106145251395,1.07625311648859,0.28297124834262033,0,-0.61375,1.7962500000000001,0,9,0,2,1,0,Premium,Pro
DG480,18,1246,69.22222222,1,1,0.25,0.8888888888888888,0.3737011823719097,0.03907373177264491,0.0,0.0,0.00020048115477145148,0.013157894736842105,4964.1434262948205,0.014434643143544507,-0.8751329984463506,-0.4034700347198377,0,-0.61375,1.7962500000000001,0,3,0,0,0,0,Basic,Free
SP481,2,309,154.5,1,1,0.06,0.0,0.03797921891795056,0.09666927342688635,0.0,0.0,0.0001935483870967742,0.02,5065.573770491804,0.0064516129032258064,-1.3272834397117637,-1.5879921014408749,0,-0.61375,1.7962500000000001,0,1,0,0,0,0,Basic,Free
HY482,7,1756,250.8571429,2,3,0.7,0.2777777777777778,0.556431386599785,0.1617476793381883,0.5,1.0,0.000398406374501992,0.0875,2504.9928673323825,0.00398406374501992,0.19574962560331177,0.2412538223001505,0,-0.61375,1.7962500000000001,0,7,0,1,2,0,Standard,Enterprise
RX483,8,2970,371.25,3,2,1.78,0.3333333333333333,0.991400931565747,0.24305950519116476,1.0,0.5,0.0005991248737798721,0.19777777777777777,1667.6024705221787,0.0026926960619320095,2.7658679233225016,1.7759494348928284,0,-0.61375,1.7962500000000001,0,10,1,2,1,1,Premium,Pro
XI484,12,1301,108.4166667,3,3,0.78,0.5555555555555556,0.3934073808670727,0.06554516804161534,1.0,1.0,0.0005990783410138249,0.060000000000000005,1665.8130601792573,0.009216589861751152,0.38612875876769637,-0.33394099131572136,0,-0.61375,1.7962500000000001,0,7,0,2,2,0,Premium,Enterprise
OO485,10,1580,158.0,3,2,0.95,0.4444444444444444,0.49337155141526334,0.09903312953380665,1.0,0.5,0.0006008855154965211,0.08636363636363636,1661.4090431125132,0.006325110689437065,0.7906844167420132,0.018760883406978096,0,-0.61375,1.7962500000000001,0,8,0,2,1,0,Premium,Pro
HH486,7,1176,168.0,3,3,0.71,0.2777777777777778,0.3486205661053386,0.1057870041250075,1.0,1.0,0.0006032285471537808,0.08875,1654.0084388185655,0.00594732370433305,0.21954701724885986,-0.49196154450689494,0,-0.61375,1.7962500000000001,0,7,0,2,2,0,Premium,Enterprise
OZ487,11,2146,195.0909091,3,3,1.29,0.5,0.6961662486563955,0.12408386438730969,1.0,1.0,0.0006008383791336749,0.1075,1662.277304415182,0.005123428039124359,1.5997957326906471,0.7342779482566121,0,-0.61375,1.7962500000000001,0,10,0,2,2,0,Premium,Enterprise
MN488,12,1409,117.4166667,2,1,0.56,0.5555555555555556,0.432103188821211,0.07162365517369611,0.5,0.0,0.0003971631205673759,0.04307692307692308,2511.5864527629233,0.00851063829787234,-0.13741385743436077,-0.19741123335854738,0,-0.61375,1.7962500000000001,0,6,0,1,0,0,Standard,Free
MP489,2,1811,905.5,3,1,1.09,0.0,0.5761375850949481,0.6038852552260702,1.0,0.0,0.0006015452538631347,0.36333333333333334,1659.9450045829515,0.0011037527593818985,1.1238478997796861,0.3107828657042669,0,-0.61375,1.7962500000000001,0,9,0,2,0,1,Premium,Free
GW490,11,2749,249.9090909,2,3,1.1,0.5,0.912217843067001,0.16110737690679458,0.5,1.0,0.0004,0.09166666666666667,2496.821071752952,0.004,1.1476452914252342,1.4965690968508334,0,-0.61375,1.7962500000000001,0,9,0,1,2,0,Standard,Enterprise
DT491,12,1591,132.5833333,3,3,0.95,0.5555555555555556,0.49731279111429594,0.08186703159199156,1.0,1.0,0.0005967336683417085,0.07307692307692307,1672.975814931651,0.007537688442211055,0.7906844167420132,0.03266669208780137,0,-0.61375,1.7962500000000001,0,8,0,2,2,0,Premium,Enterprise
QA492,18,916,50.88888889,2,2,0.37,0.8888888888888888,0.25546399140093157,0.02669162835769463,0.5,0.5,0.0004034896401308615,0.019473684210526317,2469.0026954177897,0.019629225736095966,-0.5895642986997739,-0.820644295144536,0,-0.61375,1.7962500000000001,0,4,0,1,1,0,Standard,Pro
MH493,13,2804,215.6923077,2,1,1.12,0.6111111111111112,0.9319240415621641,0.13799779064208376,0.5,0.0,0.00039928698752228167,0.08,2501.3380909901875,0.004634581105169341,1.1952400747163305,1.5660981402549499,0,-0.61375,1.7962500000000001,0,9,0,1,0,0,Standard,Free
EO494,13,2694,207.2307692,3,3,1.62,0.6111111111111112,0.8925116445718381,0.13228297365432198,1.0,1.0,0.000601113172541744,0.11571428571428573,1661.937075879087,0.004823747680890538,2.3851096569937336,1.4270400534467171,0,-0.61375,1.7962500000000001,0,10,1,2,2,0,Premium,Enterprise
JC495,18,361,20.05555556,2,2,0.14,0.8888888888888888,0.05661053385883196,0.005867181703743303,0.5,0.5,0.00038674033149171277,0.00736842105263158,2560.283687943262,0.049723756906077346,-1.1369043065473792,-1.5222555513133467,0,-0.61375,1.7962500000000001,0,1,0,1,1,0,Standard,Pro
XZ496,13,2434,187.2307692,1,3,0.49,0.6111111111111112,0.799355069867431,0.11877522447192028,0.0,1.0,0.00020123203285420945,0.034999999999999996,4957.230142566192,0.0053388090349075976,-0.3039955989531973,1.098357302809076,0,-0.61375,1.7962500000000001,0,5,0,0,2,0,Basic,Enterprise
CO497,2,1210,605.0,2,2,0.48,0.0,0.36080257972053026,0.4009313237604846,0.5,0.5,0.0003963666391412056,0.16,2515.5925155925156,0.0016515276630883566,-0.3277929905987454,-0.44897995403889573,0,-0.61375,1.7962500000000001,0,5,0,1,1,0,Standard,Pro
UO498,17,656,38.58823529,1,3,0.13,0.8333333333333334,0.16230741669652454,0.018383921177274307,0.0,1.0,0.00019786910197869102,0.007222222222222223,5007.633587786259,0.0258751902587519,-1.1607016981929272,-1.149327045782177,0,-0.61375,1.7962500000000001,0,1,0,0,2,0,Basic,Enterprise
PS499,17,267,15.70588235,1,1,0.05,0.8333333333333334,0.02293084915800788,0.0029294669664387003,0.0,0.0,0.00018656716417910448,0.002777777777777778,5235.294117647059,0.06343283582089553,-1.3510808313573115,-1.6410870073131092,0,-0.61375,1.7962500000000001,0,1,0,0,0,0,Basic,Free
AX500,7,1186,169.4285714,2,3,0.47,0.2777777777777778,0.3522035112862773,0.10675184333302512,0.5,1.0,0.00039595619208087615,0.05875,2518.046709129512,0.005897219882055603,-0.35159038224429345,-0.47931990025160104,0,-0.61375,1.7962500000000001,0,5,0,1,2,0,Standard,Enterprise
FF501,16,1263,78.9375,3,3,0.76,0.7777777777777778,0.3797921891795056,0.04563530854712492,1.0,1.0,0.0006012658227848101,0.04470588235294118,1659.658344283837,0.012658227848101266,0.33853397547660025,-0.3819792394858381,0,-0.61375,1.7962500000000001,0,7,0,2,2,0,Premium,Enterprise
JH502,14,2680,191.4285714,1,1,0.54,0.6666666666666666,0.8874955213185238,0.12161036743366699,0.0,0.0,0.00020141738157403955,0.036000000000000004,4953.789279112754,0.005221932114882507,-0.18500864072545692,1.4093417514893056,0,-0.61375,1.7962500000000001,0,6,0,0,0,0,Basic,Free
SH503,10,588,58.8,2,1,0.24,0.4444444444444444,0.13794338946614118,0.03203469358909421,0.5,0.0,0.00040747028862478775,0.021818181818181816,2439.8340248962654,0.01697792869269949,-0.8989303900918987,-1.2352902267181756,0,-0.61375,1.7962500000000001,0,2,0,1,0,0,Standard,Free
KJ504,14,1978,141.2857143,2,2,0.79,0.6666666666666666,0.6359727696166249,0.08774451058387647,0.5,0.5,0.0003991915108640728,0.05266666666666667,2500.63211125158,0.007074279939363315,0.4099261504132445,0.5218983247676747,0,-0.61375,1.7962500000000001,0,7,0,1,1,0,Standard,Pro
OP505,10,2917,291.7,2,3,1.17,0.4444444444444444,0.9724113221067717,0.189332432818162,0.5,1.0,0.00040095956134338583,0.10636363636363635,2491.033304867635,0.003427004797806717,1.3142270329440704,1.7089487203397706,0,-0.61375,1.7962500000000001,0,9,0,1,2,0,Standard,Enterprise
OT506,13,1419,109.1538462,1,3,0.28,0.6111111111111112,0.4356861340021498,0.06604304983103576,0.0,1.0,0.0001971830985915493,0.02,5049.822064056939,0.009154929577464789,-0.8037408235097063,-0.18476958910325347,0,-0.61375,1.7962500000000001,0,3,0,0,2,0,Basic,Enterprise
IJ507,10,2489,248.9,3,1,1.49,0.4444444444444444,0.8190612683625941,0.16042584956782238,1.0,0.0,0.0005983935742971887,0.13545454545454547,1669.3494299128104,0.004016064257028112,2.0757435656016083,1.1678863462131923,0,-0.61375,1.7962500000000001,0,10,0,2,0,0,Premium,Free
IJ508,12,744,62.0,1,1,0.15,0.5555555555555556,0.19383733428878538,0.03419593345827848,0.0,0.0,0.00020134228187919463,0.011538461538461537,4927.152317880795,0.016107382550335572,-1.1131069149018311,-1.038080576335591,0,-0.61375,1.7962500000000001,0,2,0,0,0,0,Basic,Free
FZ509,3,588,196.0,2,3,0.24,0.05555555555555555,0.13794338946614118,0.12469785298036988,0.5,1.0,0.00040747028862478775,0.06,2439.8340248962654,0.0050933786078098476,-0.8989303900918987,-1.2352902267181756,0,-0.61375,1.7962500000000001,0,2,0,1,2,0,Standard,Enterprise
OW510,20,1957,97.85,2,1,0.78,1.0,0.6284485847366535,0.05840857386773353,0.5,0.0,0.0003983656792645557,0.037142857142857144,2505.761843790013,0.010214504596527068,0.38612875876769637,0.4953508718315576,0,-0.61375,1.7962500000000001,0,7,0,1,0,0,Standard,Free
MU511,7,305,43.57142857,1,1,0.06,0.2777777777777778,0.03654604084557506,0.02174950742495779,0.0,0.0,0.000196078431372549,0.0075,5000.0,0.02287581699346405,-1.3272834397117637,-1.5930487591429925,0,-0.61375,1.7962500000000001,0,1,0,0,0,0,Basic,Free
RW512,4,246,61.5,1,1,0.05,0.1111111111111111,0.015406664278036546,0.03385823972871844,0.0,0.0,0.00020242914979757087,0.01,4823.529411764705,0.016194331983805668,-1.3510808313573115,-1.6676344602492263,0,-0.61375,1.7962500000000001,0,1,0,0,0,0,Basic,Free
LT513,18,2152,119.5555556,2,3,0.86,0.8888888888888888,0.6983160157649588,0.07306823391320727,0.5,1.0,0.0003994426381792847,0.04526315789473684,2499.4192799070847,0.008360427310729215,0.5765078919320807,0.7418629348097884,0,-0.61375,1.7962500000000001,0,8,0,1,2,0,Standard,Enterprise
OH514,3,484,161.3333333,3,2,0.29,0.05555555555555555,0.10068075958437836,0.10128442104169401,1.0,0.5,0.0005979381443298969,0.0725,1663.2302405498283,0.006185567010309278,-0.7799434318641584,-1.3667633269732318,0,-0.61375,1.7962500000000001,0,3,0,2,1,0,Premium,Pro
YT515,4,281,70.25,3,3,0.17,0.1111111111111111,0.027946972411322105,0.03976787999601918,1.0,1.0,0.0006028368794326242,0.034,1643.2748538011695,0.014184397163120567,-1.065512131610735,-1.6233887053556977,0,-0.61375,1.7962500000000001,0,2,0,2,2,0,Premium,Enterprise
LO516,4,239,59.75,3,2,0.14,0.1111111111111111,0.012898602651379433,0.032676311675258286,1.0,0.5,0.0005833333333333334,0.028000000000000004,1695.0354609929077,0.016666666666666666,-1.1369043065473792,-1.676483611227932,0,-0.61375,1.7962500000000001,0,1,0,2,1,0,Premium,Pro
IW517,8,1257,157.125,1,3,0.25,0.3333333333333333,0.37764242207094234,0.09844216550707657,0.0,1.0,0.0001987281399046105,0.027777777777777776,5007.9681274900395,0.006359300476947536,-0.8751329984463506,-0.3895642260390144,0,-0.61375,1.7962500000000001,0,3,0,0,2,0,Basic,Enterprise
RR518,15,977,65.13333333,3,3,0.59,0.7222222222222222,0.27731995700465784,0.03631214749460345,1.0,1.0,0.0006032719836400818,0.036875,1653.1302876480543,0.015337423312883436,-0.0660216824977168,-0.7435302651872433,0,-0.61375,1.7962500000000001,0,6,0,2,2,0,Premium,Enterprise
ZM519,17,686,40.35294118,3,2,0.41,0.8333333333333334,0.17305625223934074,0.019575781404415654,1.0,0.5,0.0005967976710334788,0.022777777777777775,1669.0997566909978,0.024745269286754003,-0.49437473211758176,-1.1114021130162954,0,-0.61375,1.7962500000000001,0,4,0,2,1,0,Premium,Pro
IF520,18,1621,90.05555556,1,1,0.32,0.8888888888888888,0.5080616266571122,0.05314430384214926,0.0,0.0,0.00019728729963008632,0.016842105263157894,5049.844236760125,0.011097410604192354,-0.7085512569275142,0.07059162485368303,0,-0.61375,1.7962500000000001,0,3,0,0,0,0,Basic,Free
NH521,13,2508,192.9230769,3,2,1.5,0.6111111111111112,0.8258688642063776,0.12261973770595298,1.0,0.5,0.0005978477481068154,0.10714285714285714,1670.8860759493673,0.0051813471502590676,2.0995409572471564,1.1919054702982508,0,-0.61375,1.7962500000000001,0,10,1,2,1,0,Premium,Pro
JT522,8,2475,309.375,2,1,0.99,0.3333333333333333,0.8140451451092798,0.20126990615810952,0.5,0.0,0.0003998384491114701,0.11,2497.4772956609486,0.0032310177705977385,0.8858739833242054,1.150188044255781,0,-0.61375,1.7962500000000001,0,9,0,1,0,0,Standard,Free
ZC523,2,2244,1122.0,2,2,0.9,0.0,0.7312791114295951,0.7501066401255686,0.5,0.5,0.00040089086859688197,0.3,2490.566037735849,0.0008908685968819599,0.671697458514273,0.8581660619584922,0,-0.61375,1.7962500000000001,0,8,0,1,1,1,Standard,Pro
TV524,5,2223,444.6,1,2,0.44,0.16666666666666666,0.7237549265496238,0.29259917531762303,0.0,0.5,0.00019784172661870504,0.07333333333333333,5040.816326530612,0.0022482014388489208,-0.4229825571809375,0.831618609022375,0,-0.61375,1.7962500000000001,0,5,0,0,1,0,Basic,Pro
CR525,8,804,100.5,1,1,0.16,0.3333333333333333,0.21533500537441777,0.06019835063440176,0.0,0.0,0.00019875776397515528,0.017777777777777778,4993.788819875776,0.009937888198757764,-1.089309523256283,-0.9622307108038275,0,-0.61375,1.7962500000000001,0,2,0,0,0,0,Basic,Free
CB526,3,385,128.3333333,1,2,0.08,0.05555555555555555,0.06520960229308491,0.07899663489073121,0.0,0.5,0.0002072538860103627,0.02,4753.086419753086,0.007772020725388601,-1.2796886564206675,-1.4919156051006413,0,-0.61375,1.7962500000000001,0,1,0,0,1,0,Basic,Pro
WT527,13,1564,120.3076923,2,3,0.63,0.6111111111111112,0.4876388391257614,0.07357621760793123,0.5,1.0,0.000402555910543131,0.045,2478.6053882725832,0.008306709265175719,0.029167884084475508,-0.001465747401492124,0,-0.61375,1.7962500000000001,0,7,0,1,2,0,Standard,Enterprise
SB528,3,2436,812.0,2,1,0.97,0.05555555555555555,0.8000716589036188,0.5407365277983422,0.5,0.0,0.00039803036520311857,0.2425,2508.7538619979405,0.0012310217480508822,0.8382792000331093,1.1008856316601348,0,-0.61375,1.7962500000000001,0,8,0,1,0,0,Standard,Free
KH529,5,995,199.0,1,1,0.2,0.16666666666666666,0.28376925833034755,0.12672401535773012,0.0,0.0,0.00020080321285140563,0.03333333333333333,4950.248756218905,0.0050200803212851405,-0.9941199566740908,-0.7207753055277143,0,-0.61375,1.7962500000000001,0,2,0,0,0,0,Basic,Free
CX530,19,2130,112.1052632,2,2,0.85,0.9444444444444444,0.6904335363668936,0.06803639985946958,0.5,0.5,0.0003988737681839512,0.042499999999999996,2502.9377203290246,0.008916001877053027,0.5527105002865327,0.7140513174481419,0,-0.61375,1.7962500000000001,0,8,0,1,1,0,Standard,Pro
AU531,13,787,60.53846154,2,2,0.31,0.6111111111111112,0.20924399856682194,0.0332088287113728,0.5,0.5,0.0003934010152284264,0.02214285714285714,2530.5466237942123,0.01649746192893401,-0.7323486485730623,-0.9837215060378272,0,-0.61375,1.7962500000000001,0,3,0,1,1,0,Standard,Pro
YW532,18,2425,134.7222222,2,3,0.97,0.8888888888888888,0.7961304192045862,0.08331161033150272,0.5,1.0,0.0003998351195383347,0.05105263157894737,2497.4253347064882,0.00741962077493817,0.8382792000331093,1.0869798229793115,0,-0.61375,1.7962500000000001,0,8,0,1,2,0,Standard,Enterprise
ZS533,8,955,119.375,3,3,0.57,0.3333333333333333,0.26943747760659265,0.07294628892529337,1.0,1.0,0.0005962343096234309,0.06333333333333332,1672.5043782837129,0.008368200836820083,-0.11361646578881295,-0.7713418825488898,0,-0.61375,1.7962500000000001,0,6,0,2,2,0,Premium,Enterprise
GO534,20,396,19.8,1,2,0.08,1.0,0.06915084199211752,0.005694582683410895,0.0,0.5,0.00020151133501259446,0.0038095238095238095,4888.888888888889,0.05037783375314862,-1.2796886564206675,-1.478009796419818,0,-0.61375,1.7962500000000001,0,1,0,0,1,0,Basic,Pro
JN535,20,2418,120.9,1,2,0.48,1.0,0.7936223575779291,0.0739762548004515,0.0,0.5,0.00019842910293509715,0.022857142857142857,5027.0270270270275,0.00826787928896238,-0.3277929905987454,1.0781306720006059,0,-0.61375,1.7962500000000001,0,5,0,0,1,0,Basic,Pro
HJ536,16,2162,135.125,1,1,0.43,0.7777777777777778,0.7018989609458975,0.0835836414064347,0.0,0.0,0.00019879796578825705,0.025294117647058825,5016.241299303944,0.007397133610725843,-0.44677994882648564,0.7545045790650823,0,-0.61375,1.7962500000000001,0,4,0,0,0,0,Basic,Free
QM537,14,2789,199.2142857,2,2,1.12,0.6666666666666666,0.926549623790756,0.1268687412321789,0.5,0.5,0.00040143369175627247,0.07466666666666667,2487.957181088314,0.005017921146953405,1.1952400747163305,1.547135673872009,0,-0.61375,1.7962500000000001,0,9,0,1,1,0,Standard,Pro
FF538,3,365,121.6666667,1,1,0.07,0.05555555555555555,0.05804371193120745,0.07449405187495647,0.0,0.0,0.00019125683060109292,0.0175,5140.845070422534,0.00819672131147541,-1.3034860480662156,-1.517198893611229,0,-0.61375,1.7962500000000001,0,1,0,0,0,0,Basic,Free
BT539,20,1214,60.7,3,2,0.73,1.0,0.3622357577929058,0.03331792976142237,1.0,0.5,0.0006008230452674897,0.03476190476190476,1660.7387140902872,0.01646090534979424,0.267141800539956,-0.44392329633677813,0,-0.61375,1.7962500000000001,0,7,0,2,1,0,Premium,Pro
MW540,8,1655,206.875,3,1,0.99,0.3333333333333333,0.5202436402723039,0.1320426915983008,1.0,0.0,0.0005978260869565217,0.11,1670.0302724520686,0.004830917874396135,0.8858739833242054,0.11357321532168224,0,-0.61375,1.7962500000000001,0,9,0,2,0,0,Premium,Free
IZ541,12,221,18.41666667,3,2,0.13,0.5555555555555556,0.006449301325689717,0.004760296700546069,1.0,0.5,0.0005855855855855856,0.01,1687.0229007633586,0.05405405405405406,-1.1607016981929272,-1.699238570887461,0,-0.61375,1.7962500000000001,0,1,0,2,1,0,Premium,Pro
VK542,17,380,22.35294118,1,1,0.08,0.8333333333333334,0.06341812970261555,0.007418807140254125,0.0,0.0,0.0002099737532808399,0.0044444444444444444,4691.358024691358,0.04461942257217848,-1.2796886564206675,-1.4982364272282882,0,-0.61375,1.7962500000000001,0,1,0,0,0,0,Basic,Free
FP543,20,747,37.35,2,2,0.3,1.0,0.194912217843067,0.017547632590968386,0.5,0.5,0.00040106951871657755,0.014285714285714285,2481.7275747508306,0.026737967914438502,-0.7561460402186103,-1.0342880830590027,0,-0.61375,1.7962500000000001,0,3,0,1,1,0,Standard,Pro
SH544,18,405,22.5,2,1,0.16,0.8888888888888888,0.07237549265496238,0.007518128823035123,0.5,0.0,0.00039408866995073894,0.008421052631578947,2515.527950310559,0.04433497536945813,-1.089309523256283,-1.4666323165900537,0,-0.61375,1.7962500000000001,0,2,0,1,0,0,Standard,Free
SJ545,16,2603,162.6875,1,1,0.52,0.7777777777777778,0.8599068434252956,0.10219900824843205,0.0,0.0,0.00019969278033794163,0.03058823529411765,4996.16122840691,0.006144393241167435,-0.23260342401655307,1.3120010907235427,0,-0.61375,1.7962500000000001,0,5,0,0,0,0,Basic,Free
ZY546,15,1217,81.13333333,3,2,0.73,0.7222222222222222,0.3633106413471874,0.04711834684052482,1.0,0.5,0.000599343185550082,0.045625,1664.8426812585499,0.012315270935960592,0.267141800539956,-0.44013080306019,0,-0.61375,1.7962500000000001,0,7,0,2,1,0,Premium,Pro
NL547,14,696,49.71428571,3,3,0.42,0.6666666666666666,0.17663919742027948,0.02589831610048006,1.0,1.0,0.0006025824964131994,0.028,1653.206650831354,0.020086083213773313,-0.4705773404720337,-1.0987604687610015,0,-0.61375,1.7962500000000001,0,4,0,2,2,0,Premium,Enterprise
CX548,17,1055,62.05882353,2,1,0.42,0.8333333333333334,0.30526692941597994,0.03423566213274165,0.5,0.0,0.0003977272727272727,0.02333333333333333,2505.938242280285,0.016098484848484848,-0.4705773404720337,-0.644925439995951,0,-0.61375,1.7962500000000001,0,4,0,1,0,0,Standard,Free
UE549,15,1660,110.6666667,1,3,0.33,0.7222222222222222,0.5220351128627732,0.06706478982463553,0.0,1.0,0.00019867549668874172,0.020625,5015.105740181269,0.009030704394942806,-0.6847538652819661,0.1198940374493292,0,-0.61375,1.7962500000000001,0,3,0,0,2,0,Basic,Enterprise
PX550,19,782,41.15789474,2,3,0.31,0.9444444444444444,0.20745252597635255,0.020119436944013722,0.5,1.0,0.0003959131545338442,0.0155,2514.469453376206,0.024265644955300127,-0.7323486485730623,-0.9900423281654741,0,-0.61375,1.7962500000000001,0,3,0,1,2,0,Standard,Enterprise
CY551,8,2270,283.75,2,1,0.91,0.3333333333333333,0.7405947689000358,0.18396310251815734,0.5,0.0,0.0004007045354469397,0.10111111111111111,2491.767288693743,0.0035226772346983706,0.6954948501598212,0.8910343370222563,0,-0.61375,1.7962500000000001,0,8,0,1,0,0,Standard,Free
WH552,12,1586,132.1666667,1,3,0.32,0.5555555555555556,0.4955213185238266,0.08158562019571737,0.0,1.0,0.00020163831127914303,0.024615384615384615,4940.809968847352,0.007561436672967864,-0.7085512569275142,0.026345869960154426,0,-0.61375,1.7962500000000001,0,3,0,0,2,0,Basic,Enterprise
UU553,6,1917,319.5,3,3,1.15,0.2222222222222222,0.6141168040128986,0.20810820418170037,1.0,1.0,0.0005995828988529719,0.16428571428571428,1665.5082536924417,0.0031282586027111575,1.266632249652974,0.44478429481038206,0,-0.61375,1.7962500000000001,0,9,0,2,2,0,Premium,Enterprise
VH554,8,535,66.875,1,1,0.11,0.3333333333333333,0.11895378000716589,0.03748844732148889,0.0,0.0,0.00020522388059701491,0.012222222222222223,4819.81981981982,0.014925373134328358,-1.2082964814840234,-1.3022909412712331,0,-0.61375,1.7962500000000001,0,1,0,0,0,0,Basic,Free
XD555,12,1982,165.1666667,1,1,0.4,0.5555555555555556,0.6374059476890004,0.10387340634668017,0.0,0.0,0.0002017145738779627,0.03076923076923077,4942.6433915211965,0.006051437216338881,-0.5181721237631297,0.5269549824697923,0,-0.61375,1.7962500000000001,0,4,0,0,0,0,Basic,Free
JB556,10,2964,296.4,3,3,1.78,0.4444444444444444,0.9892511644571838,0.1925067538760264,1.0,1.0,0.0006003372681281619,0.16181818181818183,1664.233576642336,0.003372681281618887,2.7658679233225016,1.768364448339652,0,-0.61375,1.7962500000000001,0,10,1,2,2,1,Premium,Enterprise
BB557,20,1745,87.25,2,2,0.7,1.0,0.5524901469007524,0.05124946680106063,0.5,0.5,0.0004009163802978236,0.03333333333333333,2489.3009985734666,0.011454753722794959,0.19574962560331177,0.22734801361932722,0,-0.61375,1.7962500000000001,0,7,0,1,1,0,Standard,Pro
QD558,2,1780,890.0,1,1,0.36,0.0,0.5650304550340379,0.5934167496097088,0.0,0.0,0.00020213363279056708,0.12,4930.747922437673,0.0011229646266142617,-0.6133616903453221,0.2715937685128558,0,-0.61375,1.7962500000000001,0,4,0,0,0,1,Basic,Free
YK559,14,2102,150.1428571,1,2,0.42,0.6666666666666666,0.6804012898602652,0.09372651375463222,0.0,0.5,0.00019971469329529244,0.028,4992.874109263658,0.006657156443176415,-0.4705773404720337,0.678654713533319,0,-0.61375,1.7962500000000001,0,4,0,0,1,0,Basic,Pro
WJ560,8,2302,287.75,1,2,0.46,0.3333333333333333,0.7520601934790397,0.18666465235463767,0.0,0.5,0.00019973947025618758,0.051111111111111114,4993.492407809111,0.0034737299174989146,-0.3753877738898414,0.9314875986391967,0,-0.61375,1.7962500000000001,0,5,0,0,1,0,Basic,Pro
BS561,15,374,24.93333333,2,2,0.15,0.7222222222222222,0.061268362594052314,0.009161571637976039,0.5,0.5,0.00039999999999999996,0.009375,2476.82119205298,0.04,-1.1131069149018311,-1.5058214137814647,0,-0.61375,1.7962500000000001,0,2,0,1,1,0,Standard,Pro
MP562,5,387,77.4,2,3,0.15,0.16666666666666666,0.06592619132927266,0.0445969003287278,0.5,1.0,0.0003865979381443299,0.024999999999999998,2562.9139072847684,0.01288659793814433,-1.1131069149018311,-1.4893872762495826,0,-0.61375,1.7962500000000001,0,2,0,1,2,0,Standard,Enterprise
VS563,2,1710,855.0,1,1,0.34,0.0,0.5399498387674668,0.5697781885405059,0.0,0.0,0.00019871420222092345,0.11333333333333334,5014.66275659824,0.0011689070718877848,-0.6609564736364181,0.18310225872579863,0,-0.61375,1.7962500000000001,0,4,0,0,0,1,Basic,Free
TT564,13,1094,84.15384615,2,1,0.44,0.6111111111111112,0.319240415621641,0.049158363319264264,0.5,0.0,0.00040182648401826485,0.03142857142857143,2480.7256235827663,0.011872146118721462,-0.4229825571809375,-0.5956230274003048,0,-0.61375,1.7962500000000001,0,5,0,1,0,0,Standard,Free
IQ565,5,2649,529.8,3,3,1.59,0.16666666666666666,0.8763883912576138,0.3501421868346542,1.0,1.0,0.0006000000000000001,0.265,1664.990571967316,0.0018867924528301887,2.313717482057089,1.3701526542978946,0,-0.61375,1.7962500000000001,0,10,1,2,2,0,Premium,Enterprise
FU566,2,2191,1095.5,3,3,1.31,0.0,0.7122895019706198,0.7322088724588863,1.0,1.0,0.0005976277372262774,0.4366666666666667,1671.2433257055684,0.0009124087591240876,1.6473905159817432,0.7911653474054345,0,-0.61375,1.7962500000000001,0,10,0,2,2,1,Premium,Enterprise
JN567,5,359,71.8,1,3,0.07,0.16666666666666666,0.05589394482264421,0.04081473055765531,0.0,1.0,0.00019444444444444446,0.011666666666666667,5056.338028169013,0.013888888888888888,-1.3034860480662156,-1.5247838801644054,0,-0.61375,1.7962500000000001,0,1,0,0,2,0,Basic,Enterprise
NP568,10,1449,144.9,2,1,0.58,0.4444444444444444,0.446434969544966,0.09018555381933353,0.5,0.0,0.00039999999999999996,0.05272727272727273,2493.975903614458,0.006896551724137931,-0.08981907414326487,-0.14684465633737182,0,-0.61375,1.7962500000000001,0,6,0,1,0,0,Standard,Free
VL569,14,1183,84.5,1,2,0.24,0.6666666666666666,0.3511286277319957,0.049392151288480395,0.0,0.5,0.0002027027027027027,0.016,4908.7136929460585,0.011824324324324325,-0.8989303900918987,-0.4831123935281892,0,-0.61375,1.7962500000000001,0,2,0,0,1,0,Basic,Pro
ZY570,6,2621,436.8333333,2,2,1.05,0.2222222222222222,0.8663561447509853,0.2873536660292774,0.5,0.5,0.0004004576659038902,0.15,2493.815413891532,0.002288329519450801,1.028658333197494,1.3347560503830718,0,-0.61375,1.7962500000000001,0,9,0,1,1,0,Standard,Pro
JZ571,12,336,28.0,2,3,0.13,0.5555555555555556,0.04765317090648513,0.01123275984819559,0.5,1.0,0.0003857566765578635,0.01,2564.885496183206,0.03560830860534125,-1.1607016981929272,-1.5538596619515814,0,-0.61375,1.7962500000000001,0,1,0,1,2,0,Standard,Enterprise
EY572,9,496,55.11111111,3,3,0.3,0.3888888888888889,0.10498029380150484,0.029543264294700798,1.0,1.0,0.0006036217303822937,0.03,1647.8405315614618,0.018108651911468814,-0.7561460402186103,-1.3515933538668792,0,-0.61375,1.7962500000000001,0,3,0,2,2,0,Premium,Enterprise
YN573,18,1290,71.66666667,1,1,0.26,0.8888888888888888,0.3894661411680401,0.040724678898690594,0.0,0.0,0.00020139426800929513,0.01368421052631579,4942.528735632183,0.013942680092951201,-0.8513356068008026,-0.3478467999965446,0,-0.61375,1.7962500000000001,0,3,0,0,0,0,Basic,Free
ZV574,14,2844,203.1428571,2,3,1.14,0.6666666666666666,0.946255822285919,0.12952204908799672,0.5,1.0,0.00040070298769771524,0.076,2492.5503943908857,0.00492091388400703,1.242834858007426,1.6166647172761253,0,-0.61375,1.7962500000000001,0,9,0,1,2,0,Standard,Enterprise
EN575,7,1539,219.8571429,2,1,0.62,0.2777777777777778,0.47868147617341456,0.14081066810546566,0.5,0.0,0.0004025974025974026,0.0775,2478.2608695652175,0.004545454545454545,0.005370492438927431,-0.03306985803972684,0,-0.61375,1.7962500000000001,0,6,0,1,0,0,Standard,Free
AA576,12,1098,91.5,2,2,0.44,0.5555555555555556,0.3206735936940165,0.054119863502320995,0.5,0.5,0.00040036396724294816,0.033846153846153845,2489.795918367347,0.01091901728844404,-0.4229825571809375,-0.5905663696981872,0,-0.61375,1.7962500000000001,0,5,0,1,1,0,Standard,Pro
JU577,10,1027,102.7,2,3,0.41,0.4444444444444444,0.2952346829093515,0.061684203044465945,0.5,1.0,0.0003988326848249027,0.03727272727272727,2498.783454987835,0.009727626459143969,-0.49437473211758176,-0.6803220439107739,0,-0.61375,1.7962500000000001,0,4,0,1,2,0,Standard,Enterprise
BG578,11,2966,269.6363636,3,1,1.78,0.5,0.9899677534933715,0.17443092949101657,1.0,0.0,0.000599932591843613,0.14833333333333334,1665.3565412689502,0.003707448601280755,2.7658679233225016,1.7708927771907108,0,-0.61375,1.7962500000000001,0,10,1,2,0,1,Premium,Free
OD579,17,2981,175.3529412,3,3,1.79,0.8333333333333334,0.9953421712647796,0.11075308839913489,1.0,1.0,0.0006002682763246144,0.09944444444444445,1664.4332774986042,0.005700871898054996,2.78966531496805,1.7898552435736517,0,-0.61375,1.7962500000000001,0,10,1,2,2,1,Premium,Enterprise
XL580,12,2014,167.8333333,1,3,0.4,0.5555555555555556,0.6488713722680043,0.10567443952597456,0.0,1.0,0.00019851116625310174,0.03076923076923077,5022.443890274314,0.005955334987593052,-0.5181721237631297,0.5674082440867327,0,-0.61375,1.7962500000000001,0,4,0,0,2,0,Basic,Enterprise
VM581,19,1625,85.52631579,1,3,0.33,0.9444444444444444,0.5094948047294876,0.05008531210214332,0.0,1.0,0.0002029520295202952,0.0165,4909.365558912386,0.011685116851168511,-0.6847538652819661,0.07564828255580058,0,-0.61375,1.7962500000000001,0,3,0,0,2,0,Basic,Enterprise
DU582,3,2517,839.0,2,3,1.01,0.05555555555555555,0.8290935148692224,0.5589719891945845,0.5,1.0,0.0004011119936457506,0.2525,2489.614243323442,0.0011914217633042098,0.9334687666153016,1.2032829501280153,0,-0.61375,1.7962500000000001,0,9,0,1,2,0,Standard,Enterprise
FN583,3,919,306.3333333,2,1,0.37,0.05555555555555555,0.25653887495521316,0.19921560261410634,0.5,0.0,0.00040217391304347825,0.0925,2477.0889487870622,0.003260869565217391,-0.5895642986997739,-0.8168518018679478,0,-0.61375,1.7962500000000001,0,4,0,1,0,0,Standard,Free
DT584,12,393,32.75,3,1,0.24,0.5555555555555556,0.0680759584378359,0.014440850279015994,1.0,0.0,0.0006091370558375635,0.01846153846153846,1630.7053941908714,0.030456852791878174,-0.8989303900918987,-1.4818022896964063,0,-0.61375,1.7962500000000001,0,2,0,2,0,0,Premium,Free
MH585,9,2934,326.0,3,1,1.76,0.3888888888888889,0.9785023289143676,0.21249822266598092,1.0,0.0,0.0005996592844974446,0.176,1666.098807495741,0.0030664395229982964,2.7182731400314055,1.7304395155737704,0,-0.61375,1.7962500000000001,0,10,1,2,0,0,Premium,Free
ZP586,7,2120,302.8571429,2,1,0.85,0.2777777777777778,0.6868505911859548,0.1968678272124327,0.5,0.0,0.00040075436115040073,0.10625,2491.186839012926,0.0033003300330033004,0.5527105002865327,0.701409673192848,0,-0.61375,1.7962500000000001,0,8,0,1,0,0,Standard,Free
OD587,8,768,96.0,1,1,0.15,0.3333333333333333,0.20243640272303834,0.05715910706836137,0.0,0.0,0.00019505851755526656,0.016666666666666666,5086.092715231788,0.010403120936280884,-1.1131069149018311,-1.0077406301228855,0,-0.61375,1.7962500000000001,0,2,0,0,0,0,Basic,Free
VC588,19,1480,77.89473684,2,3,0.59,0.9444444444444444,0.45754209960587605,0.044931039386028486,0.5,1.0,0.00039837947332883183,0.0295,2504.2301184433163,0.012829169480081027,-0.0660216824977168,-0.10765555914596077,0,-0.61375,1.7962500000000001,0,6,0,1,2,0,Standard,Enterprise
AS589,20,2162,108.1,3,2,1.3,1.0,0.7018989609458975,0.0653312953237144,1.0,0.5,0.0006010171058714748,0.06190476190476191,1661.7986164488855,0.009246417013407305,1.6235931243361952,0.7545045790650823,0,-0.61375,1.7962500000000001,0,10,0,2,1,0,Premium,Pro
PT590,5,464,92.8,3,3,0.28,0.16666666666666666,0.0935148692225009,0.054997867199177104,1.0,1.0,0.0006021505376344086,0.04666666666666667,1651.2455516014234,0.010752688172043012,-0.8037408235097063,-1.3920466154838196,0,-0.61375,1.7962500000000001,0,3,0,2,2,0,Premium,Enterprise
VW591,7,1129,161.2857143,2,1,0.45,0.2777777777777778,0.33178072375492657,0.10125225976627818,0.5,0.0,0.00039823008849557525,0.05625,2503.3259423503328,0.006194690265486726,-0.39918516553538946,-0.5513772725067762,0,-0.61375,1.7962500000000001,0,5,0,1,0,0,Standard,Free
OC592,3,2284,761.3333333,2,3,0.91,0.05555555555555555,0.7456108921533501,0.506516896513745,0.5,1.0,0.00039824945295404817,0.2275,2507.1350164654227,0.001312910284463895,0.6954948501598212,0.9087326389796677,0,-0.61375,1.7962500000000001,0,8,0,1,2,0,Standard,Enterprise
YU593,2,1598,799.0,3,2,0.96,0.0,0.49982085274095306,0.5319564908297811,1.0,0.5,0.000600375234521576,0.32,1662.8511966701353,0.0012507817385866166,0.8144818083875612,0.04151584306650709,0,-0.61375,1.7962500000000001,0,8,0,2,1,1,Premium,Pro
MA594,3,589,196.3333333,1,2,0.12,0.05555555555555555,0.13830168398423504,0.12492298211089699,0.0,0.5,0.00020338983050847457,0.03,4867.768595041322,0.005084745762711864,-1.1844990898384753,-1.234026062292646,0,-0.61375,1.7962500000000001,0,1,0,0,1,0,Basic,Pro
YZ595,4,1393,348.25,2,2,0.56,0.1111111111111111,0.42637047653170906,0.22752559363140282,0.5,0.5,0.0004017216642754663,0.11200000000000002,2483.065953654189,0.0028694404591104736,-0.13741385743436077,-0.21763786416701758,0,-0.61375,1.7962500000000001,0,6,0,1,1,0,Standard,Pro
ED596,12,1397,116.4166667,2,2,0.56,0.5555555555555556,0.42780365460408454,0.07094826771457602,0.5,0.5,0.0004005722460658083,0.04307692307692308,2490.1960784313724,0.008583690987124463,-0.13741385743436077,-0.21258120646490003,0,-0.61375,1.7962500000000001,0,6,0,1,1,0,Standard,Pro
BN597,16,959,59.9375,2,2,0.38,0.7777777777777778,0.2708706556789681,0.032802946823843306,0.5,0.5,0.0003958333333333333,0.02235294117647059,2517.060367454068,0.016666666666666666,-0.5657669070542258,-0.7662852248467723,0,-0.61375,1.7962500000000001,0,4,0,1,1,0,Standard,Pro
ES598,2,636,318.0,1,2,0.13,0.0,0.1551415263346471,0.20709512299302024,0.0,0.5,0.00020408163265306123,0.043333333333333335,4854.961832061069,0.0031397174254317113,-1.1607016981929272,-1.1746103342927647,0,-0.61375,1.7962500000000001,0,1,0,0,1,0,Basic,Pro
YX599,6,1947,324.5,1,3,0.39,0.2222222222222222,0.6248656395557148,0.2114851414773008,0.0,1.0,0.0002002053388090349,0.055714285714285716,4979.539641943734,0.003080082135523614,-0.5419695154086778,0.4827092275762637,0,-0.61375,1.7962500000000001,0,4,0,0,2,0,Basic,Enterprise
OL600,12,353,29.41666667,1,1,0.07,0.5555555555555556,0.05374417771408097,0.012189558750867005,0.0,0.0,0.0001977401129943503,0.005384615384615385,4971.830985915492,0.03389830508474576,-1.3034860480662156,-1.5323688667175819,0,-0.61375,1.7962500000000001,0,1,0,0,0,0,Basic,Free
FI601,19,613,32.26315789,1,2,0.12,0.9444444444444444,0.146900752418488,0.014112043223350435,0.0,0.5,0.00019543973941368078,0.006,5066.115702479339,0.030944625407166124,-1.1844990898384753,-1.2036861160799408,0,-0.61375,1.7962500000000001,0,1,0,0,1,0,Basic,Pro
CU602,9,738,82.0,3,1,0.44,0.3888888888888889,0.19168756718022215,0.04770368264068019,1.0,0.0,0.0005953991880920163,0.044,1673.469387755102,0.012178619756427604,-0.4229825571809375,-1.0456655628887672,0,-0.61375,1.7962500000000001,0,5,0,2,0,0,Premium,Free
LX603,8,1879,234.875,3,2,1.13,0.3333333333333333,0.6005016123253314,0.1509535404536632,1.0,0.5,0.000601063829787234,0.12555555555555553,1661.3616268788685,0.00425531914893617,1.219037466361878,0.3967460466402653,0,-0.61375,1.7962500000000001,0,9,0,2,1,0,Premium,Pro
QI604,19,2722,143.2631579,2,3,1.09,0.9444444444444444,0.9025438910784666,0.08908005119243376,0.5,1.0,0.000400293793609989,0.05450000000000001,2494.9587534372135,0.00697759823723834,1.1238478997796861,1.46243665736154,0,-0.61375,1.7962500000000001,0,9,0,1,2,0,Standard,Enterprise
RY605,5,2303,460.6,2,2,0.92,0.16666666666666666,0.7524184879971336,0.3034053746635444,0.5,0.5,0.0003993055555555556,0.15333333333333335,2500.5428881650378,0.002170138888888889,0.7192922418053692,0.9327517630647261,0,-0.61375,1.7962500000000001,0,8,0,1,1,0,Standard,Pro
UX606,12,2200,183.3333333,2,3,0.88,0.5555555555555556,0.7155141526334647,0.11614294514233588,0.5,1.0,0.00039981826442526123,0.06769230769230769,2497.162315550511,0.005452067242162653,0.6241026752231769,0.8025428272351991,0,-0.61375,1.7962500000000001,0,8,0,1,2,0,Standard,Enterprise
WJ607,15,2253,150.2,3,3,1.35,0.7222222222222222,0.73450376209244,0.09376510735266998,1.0,1.0,0.0005989352262644189,0.084375,1667.6535899333828,0.006654835847382431,1.7425800825639357,0.8695435417882567,0,-0.61375,1.7962500000000001,0,10,0,2,2,0,Premium,Enterprise
GU608,16,546,34.125,1,1,0.11,0.7777777777777778,0.1228950197061985,0.015369508035306111,0.0,0.0,0.00020109689213893968,0.006470588235294118,4918.918918918919,0.029250457038391225,-1.2082964814840234,-1.2883851325904099,0,-0.61375,1.7962500000000001,0,1,0,0,0,0,Basic,Free
KJ609,11,1297,117.9090909,3,1,0.78,0.5,0.39197420279469725,0.07195623230294335,1.0,0.0,0.000600924499229584,0.065,1660.6914212548015,0.00847457627118644,0.38612875876769637,-0.3389976490178389,0,-0.61375,1.7962500000000001,0,7,0,2,0,0,Premium,Free
RR610,15,1016,67.73333333,3,3,0.61,0.7222222222222222,0.29129344321031886,0.03806815488831567,1.0,1.0,0.000599803343166175,0.038125,1662.847790507365,0.014749262536873156,-0.018426899206620644,-0.6942278525915971,0,-0.61375,1.7962500000000001,0,6,0,2,2,0,Premium,Enterprise
ZS611,6,1648,274.6666667,1,3,0.33,0.2222222222222222,0.5177355786456467,0.17782833312032947,0.0,1.0,0.00020012128562765314,0.047142857142857146,4978.851963746223,0.0036385688295936932,-0.6847538652819661,0.10472406434297653,0,-0.61375,1.7962500000000001,0,3,0,0,2,0,Basic,Enterprise
YL612,10,1095,109.5,1,1,0.22,0.4444444444444444,0.31959871013973484,0.06627683776648252,0.0,0.0,0.00020072992700729926,0.02,4954.751131221719,0.009124087591240875,-0.9465251733829948,-0.5943588629747754,0,-0.61375,1.7962500000000001,0,2,0,0,0,0,Basic,Free
SJ613,13,1507,115.9230769,1,1,0.3,0.6111111111111112,0.4672160515944106,0.07061490335370643,0.0,0.0,0.0001989389920424403,0.02142857142857143,5006.644518272426,0.008620689655172414,-0.7561460402186103,-0.07352311965666727,0,-0.61375,1.7962500000000001,0,3,0,0,0,0,Basic,Free
WL614,13,879,67.61538462,2,1,0.35,0.6111111111111112,0.24220709423145825,0.037988493808762284,0.5,0.0,0.0003977272727272727,0.024999999999999998,2504.2735042735044,0.014772727272727272,-0.6371590819908701,-0.8674183788891233,0,-0.61375,1.7962500000000001,0,4,0,1,0,0,Standard,Free
LW615,12,611,50.91666667,2,1,0.24,0.5555555555555556,0.14618416338230025,0.026710389121948827,0.5,0.0,0.000392156862745098,0.01846153846153846,2535.2697095435688,0.0196078431372549,-0.8989303900918987,-1.2062144449309995,0,-0.61375,1.7962500000000001,0,2,0,1,0,0,Standard,Free
VA616,12,1668,139.0,2,3,0.67,0.5555555555555556,0.5249014690075242,0.08620076781052503,0.5,1.0,0.0004014379868184542,0.05153846153846154,2485.842026825633,0.007189934092270821,0.12435745066666781,0.1300073528535643,0,-0.61375,1.7962500000000001,0,7,0,1,2,0,Standard,Enterprise
SF617,18,1568,87.11111111,3,2,0.94,0.8888888888888888,0.48907201719813687,0.05115566298654352,1.0,0.5,0.0005991077119184194,0.049473684210526316,1666.3124335812965,0.011472275334608031,0.7668870250964651,0.0035909103006254305,0,-0.61375,1.7962500000000001,0,8,0,2,1,0,Premium,Pro
IF618,6,1612,268.6666667,1,3,0.32,0.2222222222222222,0.5048369759942672,0.17377600836560897,0.0,1.0,0.00019838809671419714,0.045714285714285714,5021.806853582554,0.0037197768133911966,-0.7085512569275142,0.05921414502391853,0,-0.61375,1.7962500000000001,0,3,0,0,2,0,Basic,Enterprise
BS619,20,693,34.65,1,3,0.14,1.0,0.17556431386599786,0.015724086451344155,0.0,1.0,0.0002017291066282421,0.006666666666666667,4914.893617021276,0.02881844380403458,-1.1369043065473792,-1.1025529620375896,0,-0.61375,1.7962500000000001,0,1,0,0,2,0,Basic,Enterprise
UG620,8,1364,170.5,2,1,0.55,0.3333333333333333,0.41597993550698675,0.10747547277280771,0.5,0.0,0.000402930402930403,0.061111111111111116,2475.4990925589836,0.005860805860805861,-0.16121124907990883,-0.25429863250736984,0,-0.61375,1.7962500000000001,0,6,0,1,0,0,Standard,Free
CI621,14,640,45.71428571,2,2,0.26,0.6666666666666666,0.15657470440702256,0.02319676626399972,0.5,0.5,0.00040561622464898596,0.017333333333333333,2452.1072796934864,0.0218408736349454,-0.8513356068008026,-1.1695536765906474,0,-0.61375,1.7962500000000001,0,3,0,1,1,0,Standard,Pro
PX622,5,1125,225.0,2,3,0.45,0.16666666666666666,0.33034754568255104,0.14428408929485234,0.5,1.0,0.0003996447602131439,0.075,2494.4567627494457,0.004440497335701598,-0.39918516553538946,-0.5564339302088938,0,-0.61375,1.7962500000000001,0,5,0,1,2,0,Standard,Enterprise
AO623,6,1213,202.1666667,3,3,0.73,0.2222222222222222,0.3618774632748119,0.12886274233412331,1.0,1.0,0.0006013179571663921,0.10428571428571429,1659.3707250341997,0.004942339373970346,0.267141800539956,-0.44518746076230753,0,-0.61375,1.7962500000000001,0,7,0,2,2,0,Premium,Enterprise
EE624,16,2054,128.375,1,1,0.41,0.7777777777777778,0.6632031529917592,0.07902477605737412,0.0,0.0,0.0001995133819951338,0.02411764705882353,4997.56690997567,0.007785888077858881,-0.49437473211758176,0.6179748211079084,0,-0.61375,1.7962500000000001,0,4,0,0,0,0,Basic,Free
KC625,19,1983,104.3684211,2,2,0.79,0.9444444444444444,0.6377642422070943,0.06281103373193729,0.5,0.5,0.00039818548387096777,0.0395,2506.953223767383,0.009576612903225807,0.4099261504132445,0.5282191468953217,0,-0.61375,1.7962500000000001,0,7,0,1,1,0,Standard,Pro
NS626,4,2310,577.5,3,1,1.39,0.1111111111111111,0.7549265496237908,0.38235816863468225,1.0,0.0,0.0006014712245781047,0.27799999999999997,1660.6757728253058,0.0017308524448290783,1.8377696491461275,0.9416009140434318,0,-0.61375,1.7962500000000001,0,10,0,2,0,0,Premium,Free
NX627,13,1156,88.92307692,3,2,0.69,0.6111111111111112,0.3414546757434611,0.05237944197097189,1.0,0.5,0.0005963699222126188,0.04928571428571428,1672.9377713458757,0.011235955056179775,0.1719522339577637,-0.5172448330174827,0,-0.61375,1.7962500000000001,0,7,0,2,1,0,Premium,Pro
GD628,6,519,86.5,2,2,0.21,0.2222222222222222,0.11322106771766392,0.050742926206720565,0.5,0.5,0.00040384615384615383,0.03,2459.7156398104266,0.011538461538461539,-0.9703225650285429,-1.3225175720797033,0,-0.61375,1.7962500000000001,0,2,0,1,1,0,Standard,Pro
RH629,14,2226,159.0,1,1,0.45,0.6666666666666666,0.7248298101039055,0.09970851699292672,0.0,0.0,0.0002020655590480467,0.030000000000000002,4935.69844789357,0.006286484059272564,-0.39918516553538946,0.8354111022989632,0,-0.61375,1.7962500000000001,0,5,0,0,0,0,Basic,Free
FF630,15,618,41.2,3,1,0.37,0.7222222222222222,0.14869222500895737,0.020147874308580713,1.0,0.0,0.0005977382875605816,0.023125,1665.7681940700809,0.024232633279483037,-0.5895642986997739,-1.1973652939522939,0,-0.61375,1.7962500000000001,0,4,0,2,0,0,Premium,Free
ZV631,11,1825,165.9090909,1,2,0.37,0.5,0.5811537083482623,0.10437483034070742,0.0,0.5,0.00020262869660460023,0.030833333333333334,4919.1374663072775,0.006024096385542169,-0.5895642986997739,0.32848116766167834,0,-0.61375,1.7962500000000001,0,4,0,0,1,0,Basic,Pro
HC632,8,2484,310.5,2,1,0.99,0.3333333333333333,0.8172697957721247,0.2020297170496196,0.5,0.0,0.00039839034205231387,0.11,2506.559031281534,0.0032193158953722333,0.8858739833242054,1.1615655240855454,0,-0.61375,1.7962500000000001,0,9,0,1,0,0,Standard,Free
AB633,7,2757,393.8571429,3,2,1.65,0.2777777777777778,0.9150841992117521,0.25832808599236046,1.0,0.5,0.0005982596084118927,0.20625,1669.8970321017566,0.0025380710659898475,2.4565018319303773,1.5066824122550686,0,-0.61375,1.7962500000000001,0,10,1,2,1,0,Premium,Pro
MB634,11,1997,181.5454545,2,2,0.8,0.5,0.6427803654604085,0.11493543422238922,0.5,0.5,0.0004004004004004004,0.06666666666666667,2493.1335830212233,0.0055055055055055055,0.43372354205879254,0.5459174488527332,0,-0.61375,1.7962500000000001,0,7,0,1,1,0,Standard,Pro
RY635,20,492,24.6,3,1,0.3,1.0,0.10354711572912935,0.008936442487187304,1.0,0.0,0.0006085192697768763,0.014285714285714285,1634.5514950166114,0.04056795131845842,-0.7561460402186103,-1.3566500115689968,0,-0.61375,1.7962500000000001,0,3,0,2,0,0,Premium,Free
JA636,2,1884,942.0,3,3,1.13,0.0,0.6022930849158008,0.6285368974839532,1.0,1.0,0.0005994694960212201,0.37666666666666665,1665.7824933687007,0.0010610079575596816,1.219037466361878,0.40306686876791226,0,-0.61375,1.7962500000000001,0,9,0,2,2,1,Premium,Enterprise
WN637,15,1511,100.7333333,1,3,0.3,0.7222222222222222,0.46864922966678607,0.06035594101901686,0.0,1.0,0.0001984126984126984,0.01875,5019.933554817276,0.00992063492063492,-0.7561460402186103,-0.06846646195454972,0,-0.61375,1.7962500000000001,0,3,0,0,2,0,Basic,Enterprise
NL638,14,1720,122.8571429,3,1,1.03,0.6666666666666666,0.5435327839484055,0.07529808457081741,1.0,0.0,0.0005984892504357932,0.06866666666666667,1668.283220174588,0.008134805345729227,0.9810635499063978,0.1957439029810925,0,-0.61375,1.7962500000000001,0,9,0,2,0,0,Premium,Free
SP639,2,2714,1357.0,2,3,1.09,0.0,0.8996775349337155,0.9088226930187885,0.5,1.0,0.00040147329650092083,0.36333333333333334,2487.62603116407,0.0007366482504604051,1.1238478997796861,1.4523233419573047,0,-0.61375,1.7962500000000001,0,9,0,1,2,1,Standard,Enterprise
IF640,20,1335,66.75,3,2,0.8,1.0,0.40558939448226444,0.037404023889098886,1.0,0.5,0.0005988023952095808,0.0380952380952381,1666.6666666666665,0.014970059880239521,0.43372354205879254,-0.29095940084772215,0,-0.61375,1.7962500000000001,0,7,0,2,1,0,Premium,Pro
US641,3,1487,495.6666667,2,1,0.59,0.05555555555555555,0.4600501612325331,0.32708896158586825,0.5,0.0,0.000396505376344086,0.1475,2516.0744500846026,0.0020161290322580645,-0.0660216824977168,-0.09880640816725506,0,-0.61375,1.7962500000000001,0,6,0,1,0,0,Standard,Free
BR642,10,1588,158.8,2,3,0.64,0.4444444444444444,0.49623790756001435,0.09957343950110271,0.5,1.0,0.0004027690371302706,0.05818181818181818,2477.3790951638066,0.0062932662051604785,0.05296527573002358,0.028874198811213204,0,-0.61375,1.7962500000000001,0,7,0,1,2,0,Standard,Enterprise
SB643,6,1553,258.8333333,3,1,0.93,0.2222222222222222,0.4836975994267288,0.1671346983059023,1.0,0.0,0.0005984555984555985,0.13285714285714287,1668.0988184747582,0.003861003861003861,0.7430896334509173,-0.015371556082315399,0,-0.61375,1.7962500000000001,0,8,0,2,0,0,Premium,Free
OA644,5,900,180.0,2,1,0.36,0.16666666666666666,0.2497312791114296,0.11389165363444852,0.5,0.0,0.0003995560488346282,0.06,2493.074792243767,0.005549389567147614,-0.6133616903453221,-0.8408709259530062,0,-0.61375,1.7962500000000001,0,4,0,1,0,0,Standard,Free
UF645,7,1364,194.8571429,3,2,0.82,0.2777777777777778,0.41597993550698675,0.12392598162746353,1.0,0.5,0.0006007326007326007,0.1025,1661.388550548112,0.005128205128205128,0.48131832534988844,-0.25429863250736984,0,-0.61375,1.7962500000000001,0,8,0,2,1,0,Premium,Pro
DZ646,16,1589,99.3125,1,1,0.32,0.7777777777777778,0.49659620207810823,0.05939632802669666,0.0,0.0,0.00020125786163522014,0.018823529411764708,4950.155763239875,0.010062893081761006,-0.7085512569275142,0.030138363236742592,0,-0.61375,1.7962500000000001,0,3,0,0,0,0,Basic,Free
HI647,11,567,51.54545455,1,1,0.11,0.5,0.13041920458616982,0.027135064570547537,0.0,0.0,0.0001936619718309859,0.009166666666666667,5108.108108108108,0.01936619718309859,-1.2082964814840234,-1.2618376796542927,0,-0.61375,1.7962500000000001,0,1,0,0,0,0,Basic,Free
ER648,14,1060,75.71428571,1,2,0.21,0.6666666666666666,0.3070584020064493,0.043458390037602275,0.0,0.5,0.00019792648444863335,0.014,5023.696682464455,0.013195098963242224,-0.9703225650285429,-0.638604617868304,0,-0.61375,1.7962500000000001,0,2,0,0,1,0,Basic,Pro
YR649,12,2021,168.4166667,3,1,1.21,0.5555555555555556,0.6513794338946615,0.10606841558882045,1.0,0.0,0.0005984174085064293,0.09307692307692307,1668.8687035507846,0.005934718100890208,1.4094165995262626,0.5762573950654385,0,-0.61375,1.7962500000000001,0,10,0,2,0,0,Premium,Free
MF650,15,1632,108.8,3,1,0.98,0.7222222222222222,0.5120028663561448,0.06580406654509846,1.0,0.0,0.0006001224739742804,0.06125,1663.6085626911315,0.009185548071034905,0.8620765916786574,0.08449743353450631,0,-0.61375,1.7962500000000001,0,8,0,2,0,0,Premium,Free
MC651,14,1147,81.92857143,3,2,0.69,0.6666666666666666,0.3382300250806163,0.047655440680279305,1.0,0.5,0.0006010452961672473,0.046,1659.9131693198265,0.012195121951219513,0.1719522339577637,-0.5286223128472471,0,-0.61375,1.7962500000000001,0,7,0,2,1,0,Premium,Pro
CK652,11,1140,103.6363636,3,3,0.68,0.5,0.33572196345395916,0.062316611277082476,1.0,1.0,0.000595968448729185,0.05666666666666667,1674.008810572687,0.009640666082383873,0.14815484231221587,-0.5374714638259529,0,-0.61375,1.7962500000000001,0,7,0,2,2,0,Premium,Enterprise
RE653,12,1776,148.0,2,1,0.71,0.5555555555555556,0.5635972769616625,0.09227925494260579,0.5,0.0,0.00039954980303882946,0.054615384615384614,2497.89029535865,0.006752954417557681,0.21954701724885986,0.2665371108107383,0,-0.61375,1.7962500000000001,0,7,0,1,0,0,Standard,Free
FR654,10,2964,296.4,1,1,0.59,0.4444444444444444,0.9892511644571838,0.1925067538760264,0.0,0.0,0.00019898819561551433,0.053636363636363635,5015.228426395939,0.003372681281618887,-0.0660216824977168,1.768364448339652,0,-0.61375,1.7962500000000001,0,6,0,0,0,0,Basic,Free
XO655,2,2189,1094.5,3,1,1.31,0.0,0.7115729129344321,0.7315334849997662,1.0,0.0,0.0005981735159817352,0.4366666666666667,1669.717772692601,0.0009132420091324201,1.6473905159817432,0.7886370185543757,0,-0.61375,1.7962500000000001,0,10,0,2,0,1,Premium,Free
BS656,3,964,321.3333333,1,2,0.19,0.05555555555555555,0.2726621282694375,0.2093464145009076,0.0,0.5,0.00019689119170984457,0.0475,5047.120418848168,0.0031088082901554403,-1.0179173483196389,-0.7599644027191254,0,-0.61375,1.7962500000000001,0,2,0,0,1,0,Basic,Pro
YD657,17,763,44.88235294,1,2,0.15,0.8333333333333334,0.20064493013256898,0.022634889304310686,0.0,0.5,0.0001963350785340314,0.008333333333333333,5052.980132450331,0.02225130890052356,-1.1131069149018311,-1.0140614522505325,0,-0.61375,1.7962500000000001,0,2,0,0,1,0,Basic,Pro
WY658,8,551,68.875,2,1,0.22,0.3333333333333333,0.12468649229666787,0.03883922223972906,0.5,0.0,0.00039855072463768114,0.024444444444444446,2493.212669683258,0.014492753623188406,-0.9465251733829948,-1.282064310462763,0,-0.61375,1.7962500000000001,0,2,0,1,0,0,Standard,Free
RB659,19,613,32.26315789,2,2,0.25,0.9444444444444444,0.146900752418488,0.014112043223350435,0.5,0.5,0.00040716612377850165,0.0125,2442.231075697211,0.030944625407166124,-0.8751329984463506,-1.2036861160799408,0,-0.61375,1.7962500000000001,0,3,0,1,1,0,Standard,Pro
DE660,7,2280,325.7142857,1,1,0.46,0.2777777777777778,0.7441777140809746,0.21230525481086965,0.0,0.0,0.00020166593599298555,0.0575,4945.770065075922,0.003068829460762823,-0.3753877738898414,0.9036759812775501,0,-0.61375,1.7962500000000001,0,5,0,0,0,0,Basic,Free
WD661,18,647,35.94444444,2,2,0.26,0.8888888888888888,0.15908276603367968,0.016598337992647875,0.5,0.5,0.0004012345679012346,0.01368421052631579,2478.927203065134,0.027777777777777776,-0.8513356068008026,-1.1607045256119415,0,-0.61375,1.7962500000000001,0,3,0,1,1,0,Standard,Pro
PD662,10,1527,152.7,1,2,0.31,0.4444444444444444,0.4743819419562881,0.09545357600047019,0.0,0.5,0.00020287958115183246,0.028181818181818183,4909.967845659164,0.006544502617801047,-0.7323486485730623,-0.048239831146079507,0,-0.61375,1.7962500000000001,0,3,0,0,1,0,Basic,Pro
PK663,8,982,122.75,3,1,0.59,0.3333333333333333,0.2791114295951272,0.07522572159982364,1.0,0.0,0.000600203458799593,0.06555555555555555,1661.5905245346871,0.008138351983723296,-0.0660216824977168,-0.7372094430595963,0,-0.61375,1.7962500000000001,0,6,0,2,0,0,Premium,Free
IG664,13,2380,183.0769231,1,1,0.48,0.6111111111111112,0.7800071658903619,0.1159697689088654,0.0,0.0,0.00020159596808063838,0.03428571428571429,4948.024948024949,0.005459890802183957,-0.3277929905987454,1.030092423830489,0,-0.61375,1.7962500000000001,0,5,0,0,0,0,Basic,Free
FU665,9,1478,164.2222222,2,2,0.59,0.3888888888888889,0.4568255105696883,0.10323554037554523,0.5,0.5,0.00039891818796484107,0.059,2500.8460236886635,0.006085192697768763,-0.0660216824977168,-0.11018388799701954,0,-0.61375,1.7962500000000001,0,6,0,1,1,0,Standard,Pro
TJ666,20,2986,149.3,1,2,0.6,1.0,0.997133643855249,0.0931572586394619,0.0,0.5,0.0002008704385671242,0.02857142857142857,4968.386023294509,0.006695681285570807,-0.04222429085216872,1.7961760657012986,0,-0.61375,1.7962500000000001,0,6,0,0,1,0,Basic,Pro
GE667,11,1374,124.9090909,1,1,0.27,0.5,0.41956288068792547,0.07668394451678394,0.0,0.0,0.00019636363636363636,0.022500000000000003,5070.110701107011,0.008,-0.8275382151552544,-0.24165698825207596,0,-0.61375,1.7962500000000001,0,3,0,0,0,0,Basic,Free
BB668,18,471,26.16666667,3,1,0.28,0.8888888888888888,0.09602293084915801,0.009994549508726728,1.0,0.0,0.0005932203389830509,0.01473684210526316,1676.156583629893,0.038135593220338986,-0.8037408235097063,-1.383197464505114,0,-0.61375,1.7962500000000001,0,3,0,2,0,0,Premium,Free
LY669,7,1221,174.4285714,2,3,0.49,0.2777777777777778,0.36474381941956285,0.11012878062862555,0.5,1.0,0.00040098199672667755,0.06125,2486.7617107942974,0.0057283142389525366,-0.3039955989531973,-0.43507414535807243,0,-0.61375,1.7962500000000001,0,5,0,1,2,0,Standard,Enterprise
TE670,6,1666,277.6666667,2,1,0.67,0.2222222222222222,0.5241848799713364,0.17985449549768973,0.5,0.0,0.0004019196160767847,0.09571428571428572,2482.8614008941877,0.003599280143971206,0.12435745066666781,0.12747902400250552,0,-0.61375,1.7962500000000001,0,7,0,1,0,0,Standard,Free
UQ671,15,2807,187.1333333,1,3,0.56,0.7222222222222222,0.9329989251164457,0.11870941748699221,0.0,1.0,0.00019943019943019944,0.035,5003.565062388591,0.005341880341880342,-0.13741385743436077,1.569890633531538,0,-0.61375,1.7962500000000001,0,6,0,0,2,0,Basic,Enterprise
ES672,18,2629,146.0555556,3,3,1.58,0.8888888888888888,0.8692225008957363,0.09096600157988952,1.0,1.0,0.0006007604562737643,0.08315789473684211,1662.8716002530045,0.006844106463878327,2.289920090411541,1.3448693657873068,0,-0.61375,1.7962500000000001,0,10,1,2,2,0,Premium,Enterprise
QC673,13,1079,83.0,2,2,0.43,0.6111111111111112,0.3138659978502329,0.04837907009980027,0.5,0.5,0.0003981481481481481,0.030714285714285715,2503.480278422274,0.012037037037037037,-0.44677994882648564,-0.6145854937832457,0,-0.61375,1.7962500000000001,0,4,0,1,1,0,Standard,Pro
VK674,12,789,65.75,2,2,0.32,0.5555555555555556,0.20996058760300967,0.0367286364299788,0.5,0.5,0.00040506329113924053,0.024615384615384615,2457.9439252336447,0.015189873417721518,-0.7085512569275142,-0.9811931771867684,0,-0.61375,1.7962500000000001,0,3,0,1,1,0,Standard,Pro
IM675,20,2386,119.3,2,2,0.95,1.0,0.7821569329989251,0.07289563486585936,0.5,0.5,0.000397989107666527,0.04523809523809524,2508.937960042061,0.008378718056137411,0.7906844167420132,1.0376774103836655,0,-0.61375,1.7962500000000001,0,8,0,1,1,0,Standard,Pro
JD676,10,256,25.6,3,2,0.15,0.4444444444444444,0.01898960945897528,0.009611829946307387,1.0,0.5,0.0005836575875486381,0.013636363636363636,1695.364238410596,0.038910505836575876,-1.1131069149018311,-1.6549928159939324,0,-0.61375,1.7962500000000001,0,2,0,2,1,0,Premium,Pro
WO677,19,2646,139.2631579,3,3,1.59,0.9444444444444444,0.8753135077033322,0.08637850135595342,1.0,1.0,0.000600680015111447,0.0795,1663.1049654305468,0.007177937287495277,2.313717482057089,1.3663601610213063,0,-0.61375,1.7962500000000001,0,10,1,2,2,0,Premium,Enterprise
WK678,6,1132,188.6666667,2,2,0.45,0.2222222222222222,0.33285560730920816,0.11974501163600217,0.5,0.5,0.0003971756398940865,0.0642857142857143,2509.977827050998,0.00529567519858782,-0.39918516553538946,-0.547584779230188,0,-0.61375,1.7962500000000001,0,5,0,1,1,0,Standard,Pro
IF679,6,826,137.6666667,2,2,0.33,0.2222222222222222,0.223217484772483,0.08530025122087784,0.5,0.5,0.00039903264812575577,0.047142857142857146,2495.4682779456193,0.007255139056831923,-0.6847538652819661,-0.934419093442181,0,-0.61375,1.7962500000000001,0,3,0,1,1,0,Standard,Pro
CG680,3,2440,813.3333333,1,3,0.49,0.05555555555555555,0.8015048369759943,0.5416370443879894,0.0,1.0,0.0002007374027038099,0.1225,4969.450101832994,0.0012290045063498567,-0.3039955989531973,1.1059422893622524,0,-0.61375,1.7962500000000001,0,5,0,0,2,0,Basic,Enterprise
RT681,7,1656,236.5714286,3,1,0.99,0.2777777777777778,0.5206019347903977,0.15209928705539583,1.0,0.0,0.0005974652987326493,0.12375,1671.0393541876892,0.004224502112251056,0.8858739833242054,0.11483737974721163,0,-0.61375,1.7962500000000001,0,9,0,2,0,0,Premium,Free
FS682,10,1962,196.2,2,1,0.78,0.4444444444444444,0.6302400573271228,0.12483293047219389,0.5,0.0,0.00039735099337748344,0.07090909090909091,2512.1638924455824,0.005094243504839531,0.38612875876769637,0.5016716939592045,0,-0.61375,1.7962500000000001,0,7,0,1,0,0,Standard,Free
LK683,3,288,96.0,3,3,0.17,0.05555555555555555,0.03045503403797922,0.05715910706836137,1.0,1.0,0.0005882352941176471,0.0425,1684.2105263157894,0.010380622837370242,-1.065512131610735,-1.614539554376992,0,-0.61375,1.7962500000000001,0,2,0,2,2,0,Premium,Enterprise
WY684,10,1441,144.1,2,1,0.58,0.4444444444444444,0.443568613400215,0.08964524385203745,0.5,0.0,0.00040221914008321775,0.05272727272727273,2480.2065404475043,0.006934812760055479,-0.08981907414326487,-0.15695797174160692,0,-0.61375,1.7962500000000001,0,6,0,1,0,0,Standard,Free
RN685,10,1239,123.9,2,1,0.5,0.4444444444444444,0.3711931207452526,0.07600241717781175,0.5,0.0,0.0004032258064516129,0.045454545454545456,2473.053892215569,0.008064516129032258,-0.2801982073076492,-0.4123191856985434,0,-0.61375,1.7962500000000001,0,5,0,1,0,0,Standard,Free
VW686,11,617,56.09090909,3,3,0.37,0.5,0.1483339304908635,0.030205007562863987,1.0,1.0,0.000598705501618123,0.030833333333333334,1663.0727762803235,0.01779935275080906,-0.5895642986997739,-1.1986294583778232,0,-0.61375,1.7962500000000001,0,4,0,2,2,0,Premium,Enterprise
DB687,4,1318,329.5,2,1,0.53,0.1111111111111111,0.39949838767466855,0.21486207877290123,0.5,0.0,0.00040181956027293404,0.10600000000000001,2482.1092278719398,0.003032600454890068,-0.20880603237100498,-0.31245019608172175,0,-0.61375,1.7962500000000001,0,6,0,1,0,0,Standard,Free
UB688,16,1818,113.625,2,1,0.73,0.7777777777777778,0.5786456467216051,0.06906281103535288,0.5,0.0,0.00040131940626717975,0.04294117647058823,2487.0041039671682,0.008796041781198461,0.267141800539956,0.3196320166829726,0,-0.61375,1.7962500000000001,0,7,0,1,0,0,Standard,Free
PS689,3,1042,347.3333333,2,2,0.42,0.05555555555555555,0.3006091006807596,0.22690648843802982,0.5,0.5,0.00040268456375838925,0.105,2475.059382422803,0.0028763183125599234,-0.4705773404720337,-0.661359577527833,0,-0.61375,1.7962500000000001,0,4,0,1,1,0,Standard,Pro
VR690,18,1449,80.5,2,1,0.58,0.8888888888888888,0.446434969544966,0.04669060145200006,0.5,0.0,0.00039999999999999996,0.030526315789473683,2493.975903614458,0.012413793103448275,-0.08981907414326487,-0.14684465633737182,0,-0.61375,1.7962500000000001,0,6,0,1,0,0,Standard,Free
VN691,13,2128,163.6923077,2,3,0.85,0.6111111111111112,0.6897169473307059,0.10287764276783933,0.5,1.0,0.0003992484734617191,0.060714285714285714,2500.587544065805,0.0061061531235321745,0.5527105002865327,0.7115229885970831,0,-0.61375,1.7962500000000001,0,8,0,1,2,0,Standard,Enterprise
KV692,19,685,36.05263158,1,2,0.14,0.9444444444444444,0.17269795772124685,0.016671406230241947,0.0,0.5,0.00020408163265306123,0.007000000000000001,4858.156028368794,0.027696793002915453,-1.1369043065473792,-1.1126662774418248,0,-0.61375,1.7962500000000001,0,1,0,0,1,0,Basic,Pro
FG693,6,2723,453.8333333,1,2,0.54,0.2222222222222222,0.9029021855965603,0.2988352528343189,0.0,0.5,0.0001982378854625551,0.07714285714285715,5033.271719038817,0.0022026431718061676,-0.18500864072545692,1.4637008217870693,0,-0.61375,1.7962500000000001,0,6,0,0,1,0,Basic,Pro
TA694,12,2556,213.0,3,1,1.53,0.5555555555555556,0.8430670010748835,0.13617943978541133,1.0,0.0,0.0005983574501368792,0.1176923076923077,1669.4970607446114,0.004692999608916699,2.1709331321838006,1.2525853627236614,0,-0.61375,1.7962500000000001,0,10,1,2,0,0,Premium,Free
PU695,15,1480,98.66666667,1,1,0.3,0.7222222222222222,0.45754209960587605,0.05896014029493289,0.0,0.0,0.00020256583389601619,0.01875,4916.943521594684,0.01012829169480081,-0.7561460402186103,-0.10765555914596077,0,-0.61375,1.7962500000000001,0,3,0,0,0,0,Basic,Free
VY696,18,2060,114.4444444,2,1,0.82,0.8888888888888888,0.6653529201003224,0.06961625350655905,0.5,0.0,0.0003978651140223192,0.0431578947368421,2509.1352009744214,0.008733624454148471,0.48131832534988844,0.6255598076610847,0,-0.61375,1.7962500000000001,0,8,0,1,0,0,Standard,Free
YH697,20,1760,88.0,1,1,0.35,1.0,0.5578645646721605,0.0517560073954007,0.0,0.0,0.00019875070982396364,0.016666666666666666,5014.245014245014,0.011357183418512209,-0.6371590819908701,0.24631048000226805,0,-0.61375,1.7962500000000001,0,4,0,0,0,0,Basic,Free
DJ698,3,1291,430.3333333,2,3,0.52,0.05555555555555555,0.389824435686134,0.28296364754499687,0.5,1.0,0.00040247678018575853,0.13,2477.9270633397314,0.0023219814241486067,-0.23260342401655307,-0.3465826355710152,0,-0.61375,1.7962500000000001,0,5,0,1,2,0,Standard,Enterprise
OX699,3,2483,827.6666667,2,2,0.99,0.05555555555555555,0.8169115012540308,0.5513175980137364,0.5,0.5,0.00039855072463768114,0.2475,2505.549949545913,0.0012077294685990338,0.8858739833242054,1.160301359660016,0,-0.61375,1.7962500000000001,0,9,0,1,1,0,Standard,Pro
TH700,10,631,63.1,1,3,0.13,0.4444444444444444,0.1533500537441777,0.034938859663310576,0.0,1.0,0.00020569620253164557,0.011818181818181818,4816.79389312977,0.015822784810126583,-1.1607016981929272,-1.1809311564204117,0,-0.61375,1.7962500000000001,0,1,0,0,2,0,Basic,Enterprise
BK701,15,1605,107.0,2,1,0.64,0.7222222222222222,0.5023289143676102,0.0645883691186823,0.5,0.0,0.00039850560398505604,0.04,2503.90015600624,0.00933997509339975,0.05296527573002358,0.05036499404521281,0,-0.61375,1.7962500000000001,0,7,0,1,0,0,Standard,Free
NL702,7,560,80.0,1,1,0.11,0.2777777777777778,0.12791114295951272,0.046352907722440016,0.0,0.0,0.000196078431372549,0.01375,5045.045045045045,0.012477718360071301,-1.2082964814840234,-1.2706868306329984,0,-0.61375,1.7962500000000001,0,1,0,0,0,0,Basic,Free
IZ703,2,2984,1492.0,1,2,0.6,0.0,0.9964170548190613,1.0,0.0,0.5,0.00020100502512562814,0.19999999999999998,4965.058236272878,0.0006700167504187605,-0.04222429085216872,1.7936477368502397,0,-0.61375,1.7962500000000001,0,6,0,0,1,1,Basic,Pro
YG704,8,1485,185.625,2,3,0.59,0.3333333333333333,0.4593335721963454,0.117690708091999,0.5,1.0,0.00039703903095558544,0.06555555555555555,2512.6903553299494,0.005383580080753701,-0.0660216824977168,-0.10133473701831383,0,-0.61375,1.7962500000000001,0,6,0,1,2,0,Standard,Enterprise
ZR705,16,459,28.6875,2,1,0.18,0.7777777777777778,0.09172339663203152,0.011697088726340649,0.5,0.0,0.0003913043478260869,0.010588235294117647,2535.9116022099447,0.034782608695652174,-1.041714739965187,-1.3983674376114665,0,-0.61375,1.7962500000000001,0,2,0,1,0,0,Standard,Free
CL706,17,683,40.17647059,1,3,0.14,0.8333333333333334,0.17198136868505912,0.019456595381026134,0.0,1.0,0.00020467836257309944,0.007777777777777778,4843.9716312056735,0.024853801169590642,-1.1369043065473792,-1.1151946062928835,0,-0.61375,1.7962500000000001,0,1,0,0,2,0,Basic,Enterprise
QV707,19,664,34.94736842,2,1,0.27,0.9444444444444444,0.16517377284127552,0.01592492535295051,0.5,0.0,0.00040601503759398497,0.013500000000000002,2450.184501845018,0.02857142857142857,-0.8275382151552544,-1.139213730377942,0,-0.61375,1.7962500000000001,0,3,0,1,0,0,Standard,Free
GG708,13,514,39.53846154,2,2,0.21,0.6111111111111112,0.11142959512719455,0.019025692069851014,0.5,0.5,0.00040776699029126213,0.015,2436.0189573459716,0.02524271844660194,-0.9703225650285429,-1.3288383942073503,0,-0.61375,1.7962500000000001,0,2,0,1,1,0,Standard,Pro
TK709,8,2182,272.75,3,1,1.31,0.3333333333333333,0.709064851307775,0.1765338404678364,1.0,0.0,0.0006000916170407696,0.14555555555555555,1664.378337147216,0.0036646816307833257,1.6473905159817432,0.7797878675756701,0,-0.61375,1.7962500000000001,0,10,0,2,0,0,Premium,Free
RF710,5,809,161.8,1,3,0.16,0.16666666666666666,0.21712647796488713,0.10159960187846298,0.0,1.0,0.00019753086419753088,0.02666666666666667,5024.844720496894,0.006172839506172839,-1.089309523256283,-0.9559098886761805,0,-0.61375,1.7962500000000001,0,2,0,0,2,0,Basic,Enterprise
NE711,2,2928,1464.0,1,1,0.59,0.0,0.9763525618058043,0.9810891511446376,0.0,0.0,0.00020143393649709796,0.19666666666666666,4954.314720812183,0.0006828269033799932,-0.0660216824977168,1.722854529020594,0,-0.61375,1.7962500000000001,0,6,0,0,0,1,Basic,Free
DC712,6,1179,196.5,2,2,0.47,0.2222222222222222,0.3496954496596202,0.12503554670992992,0.5,0.5,0.0003983050847457627,0.06714285714285714,2503.1847133757965,0.005084745762711864,-0.35159038224429345,-0.48816905123030674,0,-0.61375,1.7962500000000001,0,5,0,1,1,0,Standard,Pro
WS713,16,1878,117.375,2,2,0.75,0.7777777777777778,0.6001433178072375,0.07159551400705319,0.5,0.5,0.0003991484832357637,0.04411764705882353,2500.6657789613846,0.008515167642362959,0.31473658383105213,0.3954818822147359,0,-0.61375,1.7962500000000001,0,7,0,1,1,0,Standard,Pro
NU714,17,386,22.70588235,1,3,0.08,0.8333333333333334,0.06556789681117879,0.007657179180279295,0.0,1.0,0.00020671834625322997,0.0044444444444444444,4765.432098765432,0.04392764857881137,-1.2796886564206675,-1.490651440675112,0,-0.61375,1.7962500000000001,0,1,0,0,2,0,Basic,Enterprise
PA715,7,2809,401.2857143,1,2,0.56,0.2777777777777778,0.9337155141526334,0.26334524995509856,0.0,0.5,0.00019928825622775803,0.07,5007.1301247771835,0.002491103202846975,-0.13741385743436077,1.5724189623825968,0,-0.61375,1.7962500000000001,0,6,0,0,1,0,Basic,Pro
MK716,15,1685,112.3333333,3,2,1.01,0.7222222222222222,0.53099247581512,0.06819043554480986,1.0,0.5,0.0005990510083036774,0.063125,1666.6666666666667,0.008896797153024912,0.9334687666153016,0.1514981480875639,0,-0.61375,1.7962500000000001,0,9,0,2,1,0,Premium,Pro
GY717,12,2332,194.3333333,3,1,1.4,0.5555555555555556,0.762809029021856,0.12357220719265681,1.0,0.0,0.0006000857265323617,0.10769230769230768,1664.5253390435405,0.005143591941705958,1.8615670407916756,0.9694125314050783,0,-0.61375,1.7962500000000001,0,10,0,2,0,0,Premium,Free
YV718,14,2588,184.8571429,1,1,0.52,0.6666666666666666,0.8545324256538875,0.11717210703626268,0.0,0.0,0.00020084974893781383,0.034666666666666665,4967.370441458733,0.005407493240633449,-0.23260342401655307,1.2930386243406018,0,-0.61375,1.7962500000000001,0,5,0,0,0,0,Basic,Free
HP719,15,2544,169.6,3,2,1.53,0.7222222222222222,0.838767466857757,0.10686762405959963,1.0,0.5,0.0006011787819253439,0.095625,1661.6590463749185,0.005893909626719057,2.1709331321838006,1.2374153896173088,0,-0.61375,1.7962500000000001,0,10,1,2,1,0,Premium,Pro
CN720,13,1331,102.3846154,1,1,0.27,0.6111111111111112,0.4041562164098889,0.061471196240826344,0.0,0.0,0.00020270270270270272,0.019285714285714288,4911.439114391143,0.00975975975975976,-0.8275382151552544,-0.2960160585498397,0,-0.61375,1.7962500000000001,0,3,0,0,0,0,Basic,Free
NE721,18,1238,68.77777778,2,3,0.5,0.8888888888888888,0.37083482622715874,0.038773559571593244,0.5,1.0,0.0004035512510088781,0.02631578947368421,2471.0578842315367,0.014527845036319613,-0.2801982073076492,-0.4135833501240728,0,-0.61375,1.7962500000000001,0,5,0,1,2,0,Standard,Enterprise
OD722,12,2278,189.8333333,1,2,0.46,0.5555555555555556,0.7434611250447868,0.12053296362661643,0.0,0.5,0.00020184291355857832,0.03538461538461539,4941.431670281995,0.005265467310223783,-0.3753877738898414,0.9011476524264914,0,-0.61375,1.7962500000000001,0,5,0,0,1,0,Basic,Pro
LA723,15,1947,129.8,2,3,0.78,0.7222222222222222,0.6248656395557148,0.07998720318662025,0.5,1.0,0.0004004106776180698,0.04875,2492.957746478873,0.0077002053388090345,0.38612875876769637,0.4827092275762637,0,-0.61375,1.7962500000000001,0,7,0,1,2,0,Standard,Enterprise
UQ724,13,582,44.76923077,2,2,0.23,0.6111111111111112,0.13579362235757794,0.022558488009344235,0.5,0.5,0.0003945111492281304,0.016428571428571428,2519.4805194805194,0.022298456260720412,-0.9227277817374467,-1.2428752132713519,0,-0.61375,1.7962500000000001,0,2,0,1,1,0,Standard,Pro
NT725,6,1984,330.6666667,2,1,0.79,0.2222222222222222,0.6381225367251881,0.21565003083105425,0.5,0.0,0.00039798488664987406,0.11285714285714286,2508.2174462705434,0.003022670025188917,0.4099261504132445,0.5294833113208511,0,-0.61375,1.7962500000000001,0,7,0,1,0,0,Standard,Free
HV726,15,298,19.86666667,2,1,0.12,0.7222222222222222,0.03403797921891795,0.005739608516270192,0.5,0.0,0.00040133779264214044,0.0075,2462.809917355372,0.05016722408026756,-1.1844990898384753,-1.6018979101216981,0,-0.61375,1.7962500000000001,0,1,0,1,0,0,Standard,Free
BR727,12,1884,157.0,1,2,0.38,0.5555555555555556,0.6022930849158008,0.09835774207468656,0.0,0.5,0.00020159151193633953,0.02923076923076923,4944.881889763779,0.00636604774535809,-0.5657669070542258,0.40306686876791226,0,-0.61375,1.7962500000000001,0,4,0,0,1,0,Basic,Pro
TK728,6,254,42.33333333,3,2,0.15,0.2222222222222222,0.01827302042278753,0.020913313426665518,1.0,0.5,0.000588235294117647,0.02142857142857143,1682.1192052980132,0.023529411764705882,-1.1131069149018311,-1.6575211448449914,0,-0.61375,1.7962500000000001,0,2,0,2,1,0,Premium,Pro
BD729,15,2922,194.8,3,3,1.75,0.7222222222222222,0.9742027946972411,0.12388738802942578,1.0,1.0,0.0005986999657885734,0.109375,1668.760708166762,0.005131713992473486,2.694475748385858,1.7152695424674176,0,-0.61375,1.7962500000000001,0,10,1,2,2,0,Premium,Enterprise
PO730,20,2279,113.95,1,1,0.46,1.0,0.7438194195628807,0.0692823119595669,0.0,0.0,0.0002017543859649123,0.021904761904761906,4943.600867678959,0.008771929824561403,-0.3753877738898414,0.9024118168520208,0,-0.61375,1.7962500000000001,0,5,0,0,0,0,Basic,Free
YP731,7,2664,380.5714286,1,3,0.53,0.2777777777777778,0.8817628090290218,0.24935508116868807,0.0,1.0,0.00019887429643527206,0.06625,5016.949152542373,0.002626641651031895,-0.20880603237100498,1.3891151206808354,0,-0.61375,1.7962500000000001,0,6,0,0,2,0,Basic,Enterprise
TD732,8,1197,149.625,2,2,0.48,0.3333333333333333,0.3561447509853099,0.09337675956367593,0.5,0.5,0.0004006677796327212,0.05333333333333333,2488.5654885654885,0.00667779632721202,-0.3277929905987454,-0.4654140915707778,0,-0.61375,1.7962500000000001,0,5,0,1,1,0,Standard,Pro
YA733,15,814,54.26666667,2,2,0.33,0.7222222222222222,0.2189179505553565,0.028972937110001113,0.5,0.5,0.0004049079754601227,0.020625,2459.214501510574,0.018404907975460124,-0.6847538652819661,-0.9495890665485336,0,-0.61375,1.7962500000000001,0,3,0,1,1,0,Standard,Pro
LA734,2,2760,1380.0,1,1,0.55,0.0,0.9161590827660336,0.9243566045785505,0.0,0.0,0.00019920318725099602,0.18333333333333335,5009.074410163339,0.0007243752263672582,-0.16121124907990883,1.5104749055316566,0,-0.61375,1.7962500000000001,0,6,0,0,0,1,Basic,Free
BT735,4,2666,666.5,1,2,0.53,0.1111111111111111,0.8824793980652096,0.4424676524963698,0.0,0.5,0.00019872515935508064,0.10600000000000001,5020.715630885122,0.0014998125234345708,-0.20880603237100498,1.3916434495318941,0,-0.61375,1.7962500000000001,0,6,0,0,1,0,Basic,Pro
AD736,20,470,23.5,1,1,0.09,1.0,0.09566463633106413,0.008193516282155209,0.0,0.0,0.0001910828025477707,0.004285714285714286,5164.835164835165,0.04246284501061571,-1.2558912647751195,-1.3844616289306433,0,-0.61375,1.7962500000000001,0,1,0,0,0,0,Basic,Free
HS737,18,1118,62.11111111,3,1,0.67,0.8888888888888888,0.32783948405589397,0.03427097650854139,1.0,0.0,0.0005987488829311886,0.035263157894736843,1666.1698956780922,0.0160857908847185,0.12435745066666781,-0.5652830811875995,0,-0.61375,1.7962500000000001,0,7,0,2,0,0,Premium,Free
MT738,7,839,119.8571429,3,3,0.5,0.2777777777777778,0.22787531350770332,0.07327192219345716,1.0,1.0,0.0005952380952380953,0.0625,1674.6506986027944,0.008333333333333333,-0.2801982073076492,-0.9179849559102989,0,-0.61375,1.7962500000000001,0,5,0,2,2,0,Premium,Enterprise
BY739,12,828,69.0,2,3,0.33,0.5555555555555556,0.22393407380867072,0.038923645672119075,0.5,1.0,0.0003980699638118215,0.025384615384615387,2501.5105740181266,0.014475271411338963,-0.6847538652819661,-0.9318907645911222,0,-0.61375,1.7962500000000001,0,3,0,1,2,0,Standard,Enterprise
KZ740,12,1354,112.8333333,1,1,0.27,0.5555555555555556,0.412396990326048,0.0685281292743699,0.0,0.0,0.00019926199261992622,0.02076923076923077,4996.30996309963,0.008856088560885609,-0.8275382151552544,-0.26694027676266374,0,-0.61375,1.7962500000000001,0,3,0,0,0,0,Basic,Free
